id;Borough;ZIP.CODE;LATITUDE;LONGITUDE;LOCATION;ON.STREET.NAME;CROSS.STREET.NAME;OFF.STREET.NAME;Persons injured;Persons killed;Pedestrians injured;Pedestrians killed;Cyclist injured;Cyclist killed;Motorist injured;Motorist killed;CONTRIBUTING.FACTOR.VEHICLE.1;CONTRIBUTING.FACTOR.VEHICLE.2;CONTRIBUTING.FACTOR.VEHICLE.3;CONTRIBUTING.FACTOR.VEHICLE.4;CONTRIBUTING.FACTOR.VEHICLE.5;UNIQUE.KEY;Vehicle type1;Vehicle type2;Vehicle type3;Vehicle type4;Vehicle type5;datetime;location2;Number accidents
16298;BROOKLYN;11213;40.666878600000004;-73.94521280000001;(40.6668786, -73.9452128);brooklyn avenue;carroll street;                                        ;1;0;1;0;0;0;0;0;Unspecified;;;;;3457039;PASSENGER VEHICLE;;;;;2016-06-06 10:23:00;40.6668786 -73.9452128;1
5247;BROOKLYN;11236;40.64775;-73.906594;(40.64775, -73.906594);east 96th street;foster avenue;                                        ;1;0;0;0;0;0;1;0;Unspecified;Unspecified;;;;3467751;PASSENGER VEHICLE;PASSENGER VEHICLE;;;;2016-06-24 17:07:00;40.64775 -73.906594;1
5787;QUEENS;11414;40.6625242;-73.84070229999999;(40.6625242, -73.8407023);cross bay boulevard;157th avenue;                                        ;0;0;0;0;0;0;0;0;Unspecified;Unspecified;;;;3466977;PASSENGER VEHICLE;PASSENGER VEHICLE;;;;2016-06-23 13:00:00;40.6625242 -73.8407023;1
10196;BROOKLYN;11208;40.6793614;-73.8797404;(40.6793614, -73.8797404);atlantic avenue;hale avenue;                                        ;0;0;0;0;0;0;0;0;Unspecified;Unspecified;;;;3464520;PASSENGER VEHICLE;PASSENGER VEHICLE;;;;2016-06-17 19:30:00;40.6793614 -73.8797404;1
14697;QUEENS;11372;40.7491443;-73.86964240000002;(40.7491443, -73.8696424);;;95-57 ROOSEVELT AVENUE                  ;0;0;0;0;0;0;0;0;Unspecified;Unspecified;;;;3459646;PASSENGER VEHICLE;MOTORCYCLE;;;;2016-06-09 21:30:00;40.7491443 -73.8696424;1
9007;STATEN ISLAND;10314;40.6114287;-74.1168345;(40.6114287, -74.1168345);slosson avenue;reon avenue;                                        ;0;0;0;0;0;0;0;0;Unspecified;Unspecified;;;;3464877;PASSENGER VEHICLE;PASSENGER VEHICLE;;;;2016-06-19 09:45:00;40.6114287 -74.1168345;1
16522;QUEENS;11372;40.7547904;-73.8880827;(40.7547904, -73.8880827);;;33-16 79 STREET                         ;0;0;0;0;0;0;0;0;Unspecified;Unspecified;;;;3458168;PASSENGER VEHICLE;SMALL COM VEH(4 TIRES) ;;;;2016-06-06 15:00:00;40.7547904 -73.8880827;1
16957;MANHATTAN;10002;40.7231369;-73.9893032;(40.7231369, -73.9893032);;;151 EAST HOUSTON STREET                 ;0;0;0;0;0;0;0;0;Unspecified;Unspecified;;;;3455650;PASSENGER VEHICLE;PASSENGER VEHICLE;;;;2016-06-06 08:48:00;40.7231369 -73.9893032;1
18735;STATEN ISLAND;10312;40.55311079999999;-74.1917619;(40.5531108, -74.1917619);;;260 ARDEN AVENUE                        ;0;0;0;0;0;0;0;0;Unspecified;Unspecified;;;;3455235;PASSENGER VEHICLE;;;;;2016-06-03 08:30:00;40.5531108 -74.1917619;1
17615;BRONX;10460;40.835064200000005;-73.88389670000001;(40.8350642, -73.8838967);;;1711 BOONE AVENUE                       ;2;0;1;0;0;0;1;0;Unspecified;Unspecified;Unspecified;Unspecified;;3455352;PASSENGER VEHICLE;PASSENGER VEHICLE;PASSENGER VEHICLE;PASSENGER VEHICLE;;2016-06-04 13:35:00;40.8350642 -73.8838967;1
19951;MANHATTAN;10005;40.7035725;-74.00803559999999;(40.7035725, -74.0080356);;;32 OLD SLIP                             ;0;0;0;0;0;0;0;0;Unspecified;Unspecified;;;;3452830;PASSENGER VEHICLE;;;;;2016-06-01 18:47:00;40.7035725 -74.0080356;1
18537;BROOKLYN;11223;40.5959869;-73.98221190000001;(40.5959869, -73.9822119);avenue u;west 11th street;                                        ;0;0;0;0;0;0;0;0;Unspecified;Unspecified;;;;3457786;PASSENGER VEHICLE;;;;;2016-06-03 20:00:00;40.5959869 -73.9822119;1
1753;MANHATTAN;10040;40.857982299999996;-73.92723690000001;(40.8579823, -73.9272369);;;17 FORT GEORGE HILL                     ;0;0;0;0;0;0;0;0;Unspecified;Unspecified;Unspecified;;;3471273;PASSENGER VEHICLE;PASSENGER VEHICLE;OTHER;;;2016-06-29 15:00:00;40.8579823 -73.9272369;1
6287;MANHATTAN;10017;40.750766;-73.97444329999999;(40.750766, -73.9744433);3rd avenue;east 42nd street;                                        ;0;0;0;0;0;0;0;0;Unspecified;Unspecified;;;;3467142;PASSENGER VEHICLE;;;;;2016-06-23 09:45:00;40.750766 -73.9744433;1
10572;BROOKLYN;11213;40.669554600000005;-73.9449618;(40.6695546, -73.9449618);eastern parkway;brooklyn avenue;                                        ;0;0;0;0;0;0;0;0;Unspecified;Unspecified;;;;3462902;PASSENGER VEHICLE;PASSENGER VEHICLE;;;;2016-06-16 12:45:00;40.6695546 -73.9449618;1
20039;QUEENS;11421;40.6847527;-73.860765;(40.6847527, -73.860765);rockaway boulevard;atlantic avenue;                                        ;0;0;0;0;0;0;0;0;Unspecified;Unspecified;;;;3453827;PASSENGER VEHICLE;PASSENGER VEHICLE;;;;2016-06-01 21:30:00;40.6847527 -73.860765;1
3297;BROOKLYN;11206;40.69698629999999;-73.9352238;(40.6969863, -73.9352238);myrtle avenue;broadway;                                        ;1;0;1;0;0;0;0;0;Unspecified;;;;;3482427;PASSENGER VEHICLE;;;;;2016-06-27 18:20:00;40.6969863 -73.9352238;1
5311;BROOKLYN;11217;40.6799525;-73.9813242;(40.6799525, -73.9813242);4th avenue;butler street;                                        ;1;0;0;0;1;0;0;0;Unspecified;Unspecified;;;;3469046;PASSENGER VEHICLE;BICYCLE;;;;2016-06-24 18:00:00;40.6799525 -73.9813242;1
7369;BRONX;10466;40.9001347;-73.8586282;(40.9001347, -73.8586282);bullard avenue;nereid avenue;                                        ;0;0;0;0;0;0;0;0;Unspecified;Unspecified;;;;3465771;PASSENGER VEHICLE;PASSENGER VEHICLE;;;;2016-06-21 16:50:00;40.9001347 -73.8586282;1
17973;BROOKLYN;11207;40.677359499999994;-73.88686070000001;(40.6773595, -73.8868607);atlantic avenue;warwick street;                                        ;0;0;0;0;0;0;0;0;Unspecified;Unspecified;;;;3456252;PASSENGER VEHICLE;PASSENGER VEHICLE;;;;2016-06-04 22:30:00;40.6773595 -73.8868607;1
11063;BROOKLYN;11230;40.630592;-73.9755052;(40.630592, -73.9755052);webster avenue;seton place;                                        ;0;0;0;0;0;0;0;0;Unspecified;Unspecified;;;;3462156;PASSENGER VEHICLE;PASSENGER VEHICLE;;;;2016-06-16 08:00:00;40.630592 -73.9755052;1
1763;BRONX;10474;40.8122164;-73.88588370000001;(40.8122164, -73.8858837);faile street;randall avenue;                                        ;0;0;0;0;0;0;0;0;Unspecified;Unspecified;;;;3472684;VAN;;;;;2016-06-29 15:10:00;40.8122164 -73.8858837;1
19677;MANHATTAN;10065;40.7661414;-73.9716468;(40.7661414, -73.9716468);east 62nd street;5th avenue;                                        ;1;0;0;0;0;0;1;0;Unspecified;Unspecified;Unspecified;;;3454360;PASSENGER VEHICLE;PASSENGER VEHICLE;PASSENGER VEHICLE;;;2016-06-01 14:11:00;40.7661414 -73.9716468;1
16091;MANHATTAN;10023;40.773032799999996;-73.9821971;(40.7730328, -73.9821971);broadway;west 65th street;                                        ;0;0;0;0;0;0;0;0;Unspecified;Unspecified;;;;3457561;PASSENGER VEHICLE;PASSENGER VEHICLE;;;;2016-06-07 23:00:00;40.7730328 -73.9821971;1
18260;QUEENS;11372;40.753159499999995;-73.8904063;(40.7531595, -73.8904063);;;76-10 34 AVENUE                         ;0;0;0;0;0;0;0;0;Unspecified;Unspecified;;;;3455206;PASSENGER VEHICLE;OTHER;;;;2016-06-03 14:00:00;40.7531595 -73.8904063;1
9413;BRONX;10467;40.86967429999999;-73.8656278;(40.8696743, -73.8656278);;;740 ADEE AVENUE                         ;0;0;0;0;0;0;0;0;Unspecified;Unspecified;;;;3464307;PASSENGER VEHICLE;PASSENGER VEHICLE;;;;2016-06-18 19:00:00;40.8696743 -73.8656278;1
15231;QUEENS;11004;40.748020600000004;-73.7053709;(40.7480206, -73.7053709);267th street;79th avenue;                                        ;0;0;0;0;0;0;0;0;Unspecified;Unspecified;;;;3458758;PASSENGER VEHICLE;PASSENGER VEHICLE;;;;2016-06-08 17:26:00;40.7480206 -73.7053709;1
19295;MANHATTAN;10010;40.7388307;-73.9831481;(40.7388307, -73.9831481);3rd avenue;east 23rd street;                                        ;0;0;0;0;0;0;0;0;Unspecified;Unspecified;;;;3454318;SMALL COM VEH(4 TIRES) ;PASSENGER VEHICLE;;;;2016-06-02 21:55:00;40.7388307 -73.9831481;1
11043;BROOKLYN;11208;40.677801;-73.8733006;(40.677801, -73.8733006);doscher street;liberty avenue;                                        ;0;0;0;0;0;0;0;0;Unspecified;Unspecified;;;;3462890;OTHER;PASSENGER VEHICLE;;;;2016-06-16 07:23:00;40.677801 -73.8733006;1
7296;QUEENS;11691;40.606955799999994;-73.74352409999999;(40.6069558, -73.7435241);empire avenue;virginia street;                                        ;0;0;0;0;0;0;0;0;Unspecified;Unspecified;;;;3466105;PASSENGER VEHICLE;PASSENGER VEHICLE;;;;2016-06-21 15:20:00;40.6069558 -73.7435241;1
12884;STATEN ISLAND;10306;40.5643098;-74.1101405;(40.5643098, -74.1101405);ebbitts avenue;mill road;                                        ;0;0;0;0;0;0;0;0;Unspecified;Unspecified;;;;3461785;PASSENGER VEHICLE;PASSENGER VEHICLE;;;;2016-06-12 18:00:00;40.5643098 -74.1101405;1
18307;QUEENS;11355;40.7612994;-73.8095122;(40.7612994, -73.8095122);156th street;sanford avenue;                                        ;0;0;0;0;0;0;0;0;Unspecified;Unspecified;Unspecified;;;3455133;PASSENGER VEHICLE;PASSENGER VEHICLE;PASSENGER VEHICLE;;;2016-06-03 15:00:00;40.7612994 -73.8095122;1
4687;BROOKLYN;11236;40.640239;-73.9194608;(40.640239, -73.9194608);foster avenue;ralph avenue;                                        ;0;0;0;0;0;0;0;0;Unspecified;Unspecified;;;;3468954;PASSENGER VEHICLE;PASSENGER VEHICLE;;;;2016-06-25 22:00:00;40.640239 -73.9194608;1
18870;MANHATTAN;10012;40.725846399999995;-73.9944656;(40.7258464, -73.9944656);mulberry street;bleecker street;                                        ;0;0;0;0;0;0;0;0;Unspecified;Unspecified;;;;3466455;OTHER;PICK-UP TRUCK;;;;2016-06-02 11:21:00;40.7258464 -73.9944656;1
3117;BROOKLYN;11212;40.668272200000004;-73.9026252;(40.6682722, -73.9026252);sutter avenue;junius street;                                        ;0;0;0;0;0;0;0;0;Unspecified;Unspecified;Unspecified;;;3470693;PASSENGER VEHICLE;PASSENGER VEHICLE;;;;2016-06-27 15:00:00;40.6682722 -73.9026252;1
13019;QUEENS;11358;40.7578241;-73.7903155;(40.7578241, -73.7903155);191st street;northern boulevard;                                        ;1;0;0;0;1;0;0;0;Unspecified;Unspecified;;;;3466256;PASSENGER VEHICLE;BICYCLE;;;;2016-06-12 22:23:00;40.7578241 -73.7903155;1
6896;BROOKLYN;11211;40.714456799999994;-73.93528979999999;(40.7144568, -73.9352898);morgan avenue;metropolitan avenue;                                        ;0;0;0;0;0;0;0;0;Unspecified;Unspecified;;;;3466883;PASSENGER VEHICLE;BICYCLE;;;;2016-06-22 23:30:00;40.7144568 -73.9352898;1
13040;MANHATTAN;10036;40.759164399999996;-73.98839129999999;(40.7591644, -73.9883913);west 45th street;8th avenue;                                        ;0;0;0;0;0;0;0;0;Unspecified;Unspecified;;;;3460178;PASSENGER VEHICLE;PASSENGER VEHICLE;;;;2016-06-12 23:00:00;40.7591644 -73.9883913;1
11425;BRONX;10467;40.881177;-73.88299520000001;(40.881177, -73.8829952);;;3408 JEROME AVENUE                      ;1;0;1;0;0;0;0;0;Unspecified;;;;;3462065;PASSENGER VEHICLE;;;;;2016-06-15 16:35:00;40.881177 -73.8829952;1
14712;BRONX;10454;40.8026684;-73.91560890000001;(40.8026684, -73.9156089);bruckner boulevard;east 134th street;                                        ;1;0;0;0;1;0;0;0;Unspecified;Unspecified;;;;3459141;PASSENGER VEHICLE;BICYCLE;;;;2016-06-09 22:30:00;40.8026684 -73.9156089;1
17739;QUEENS;11691;40.606381799999994;-73.75470870000001;(40.6063818, -73.7547087);beach channel drive;dix avenue;                                        ;0;0;0;0;0;0;0;0;Unspecified;Unspecified;;;;3456434;PASSENGER VEHICLE;PASSENGER VEHICLE;;;;2016-06-04 16:14:00;40.6063818 -73.7547087;1
14659;BRONX;10463;40.87711710000001;-73.90317280000001;(40.8771171, -73.9031728);;;3036 BAILEY AVENUE                      ;0;0;0;0;0;0;0;0;Unspecified;Unspecified;;;;3459218;PASSENGER VEHICLE;;;;;2016-06-09 19:50:00;40.8771171 -73.9031728;1
17981;QUEENS;11412;40.6927685;-73.7508064;(40.6927685, -73.7508064);;;118-49 201 STREET                       ;1;0;1;0;0;0;0;0;Unspecified;;;;;3455588;PASSENGER VEHICLE;;;;;2016-06-04 22:50:00;40.6927685 -73.7508064;1
10117;QUEENS;11419;40.6875929;-73.8206483;(40.6875929, -73.8206483);;;123-10 LIBERTY AVENUE                   ;0;0;0;0;0;0;0;0;Unspecified;Unspecified;;;;3463339;PASSENGER VEHICLE;PASSENGER VEHICLE;;;;2016-06-17 17:50:00;40.6875929 -73.8206483;1
2729;BROOKLYN;11216;40.6803904;-73.949557;(40.6803904, -73.949557);fulton street;nostrand avenue;                                        ;0;0;0;0;0;0;0;0;Unspecified;;;;;3470808;PASSENGER VEHICLE;;;;;2016-06-28 22:35:00;40.6803904 -73.949557;1
14010;MANHATTAN;10016;40.7470784;-73.9813415;(40.7470784, -73.9813415);east 34th street;park avenue;                                        ;0;0;0;0;0;0;0;0;Unspecified;Unspecified;;;;3459027;PASSENGER VEHICLE;PASSENGER VEHICLE;;;;2016-06-10 01:50:00;40.7470784 -73.9813415;1
11868;MANHATTAN;10019;40.7611268;-73.98693990000001;(40.7611268, -73.9869399);;;790 8 AVENUE                            ;1;0;1;0;0;0;0;0;Unspecified;;;;;3461901;SMALL COM VEH(4 TIRES) ;;;;;2016-06-14 13:00:00;40.7611268 -73.9869399;1
15234;BROOKLYN;11226;40.646629299999994;-73.95565090000001;(40.6466293, -73.9556509);tilden avenue;bedford avenue;                                        ;0;0;0;0;0;0;0;0;Unspecified;Unspecified;;;;3459310;PASSENGER VEHICLE;PASSENGER VEHICLE;;;;2016-06-08 17:30:00;40.6466293 -73.9556509;1
14013;QUEENS;11372;40.749475399999994;-73.88682490000001;(40.7494754, -73.8868249);;;79-20 37 AVENUE                         ;0;0;0;0;0;0;0;0;Unspecified;Unspecified;;;;3460030;PASSENGER VEHICLE;PASSENGER VEHICLE;;;;2016-06-10 20:00:00;40.7494754 -73.8868249;1
14001;QUEENS;11369;40.7703133;-73.8760236;(40.7703133, -73.8760236);ditmars boulevard;94th street;                                        ;0;0;0;0;0;0;0;0;Unspecified;Unspecified;;;;3460029;PASSENGER VEHICLE;PASSENGER VEHICLE;;;;2016-06-10 19:50:00;40.7703133 -73.8760236;1
2450;BROOKLYN;11209;40.6125076;-74.0313782;(40.6125076, -74.0313782);fort hamilton parkway;99th street;                                        ;0;0;0;0;0;0;0;0;Unspecified;Unspecified;;;;3470654;OTHER;PASSENGER VEHICLE;;;;2016-06-28 14:56:00;40.6125076 -74.0313782;1
10086;BROOKLYN;11207;40.662960999999996;-73.8875051;(40.662961, -73.8875051);;;675 VAN SICLEN AVENUE                   ;0;0;0;0;0;0;0;0;Unspecified;Unspecified;;;;3463758;PASSENGER VEHICLE;;;;;2016-06-17 17:15:00;40.662961 -73.8875051;1
16199;QUEENS;11103;40.763892999999996;-73.91499379999999;(40.763893, -73.9149938);30th avenue;steinway street;                                        ;1;0;1;0;0;0;0;0;Unspecified;;;;;3458161;PASSENGER VEHICLE;;;;;2016-06-07 08:30:00;40.763893 -73.9149938;1
18516;MANHATTAN;10017;40.7542505;-73.96897729999999;(40.7542505, -73.9689773);2nd avenue;east 49th street;                                        ;1;0;1;0;0;0;0;0;Unspecified;;;;;3462591;VAN;;;;;2016-06-03 19:22:00;40.7542505 -73.9689773;1
11258;QUEENS;11378;40.7237879;-73.8993765;(40.7237879, -73.8993765);;;65-46 GRAND AVENUE                      ;0;0;0;0;0;0;0;0;Unspecified;Unspecified;;;;3462311;PASSENGER VEHICLE;SMALL COM VEH(4 TIRES) ;;;;2016-06-15 13:20:00;40.7237879 -73.8993765;1
8190;BROOKLYN;11215;40.6661366;-73.99223559999999;(40.6661366, -73.9922356);4th avenue;16th street;                                        ;0;0;0;0;0;0;0;0;Unspecified;Unspecified;;;;3465138;PASSENGER VEHICLE;PASSENGER VEHICLE;;;;2016-06-20 19:20:00;40.6661366 -73.9922356;1
18799;MANHATTAN;10027;40.8090701;-73.94453940000001;(40.8090701, -73.9445394);west 127th street;lenox avenue;                                        ;0;0;0;0;0;0;0;0;Unspecified;Unspecified;;;;3455829;PASSENGER VEHICLE;;;;;2016-06-03 09:41:00;40.8090701 -73.9445394;1
17702;QUEENS;11419;40.6847487;-73.8311195;(40.6847487, -73.8311195);liberty avenue;111th street;                                        ;0;0;0;0;0;0;0;0;Unspecified;Unspecified;;;;3455520;;;;;;2016-06-04 15:26:00;40.6847487 -73.8311195;1
20141;QUEENS;11426;40.7269456;-73.712716;(40.7269456, -73.712716);;;251-37 JAMAICA AVENUE                   ;0;0;0;0;0;0;0;0;Unspecified;;;;;3453918;SMALL COM VEH(4 TIRES) ;;;;;2016-06-01 07:45:00;40.7269456 -73.712716;1
15745;BRONX;10458;40.8584174;-73.8851356;(40.8584174, -73.8851356);east fordham road;arthur avenue;                                        ;0;0;0;0;0;0;0;0;Unspecified;Unspecified;;;;3457716;PASSENGER VEHICLE;PASSENGER VEHICLE;;;;2016-06-07 14:00:00;40.8584174 -73.8851356;1
2085;QUEENS;11436;40.674070799999996;-73.7982648;(40.6740708, -73.7982648);;;142-02 ROCKAWAY BOULEVARD               ;0;0;0;0;0;0;0;0;Unspecified;Unspecified;;;;3471810;PASSENGER VEHICLE;PASSENGER VEHICLE;;;;2016-06-29 23:09:00;40.6740708 -73.7982648;1
19106;BROOKLYN;11218;40.6316048;-73.975368;(40.6316048, -73.975368);;;4210 18 AVENUE                          ;0;0;0;0;0;0;0;0;Unspecified;Unspecified;;;;3456190;PASSENGER VEHICLE;PASSENGER VEHICLE;;;;2016-06-02 16:55:00;40.6316048 -73.975368;1
9168;QUEENS;11434;40.656160299999996;-73.7673526;(40.6561603, -73.7673526);brewer boulevard;rockaway boulevard;                                        ;5;0;0;0;0;0;5;0;Unspecified;Unspecified;Unspecified;Unspecified;;3463331;PASSENGER VEHICLE;PASSENGER VEHICLE;PASSENGER VEHICLE;PASSENGER VEHICLE;;2016-06-18 13:30:00;40.6561603 -73.7673526;1
5668;QUEENS;11433;40.6977589;-73.783519;(40.6977589, -73.783519);171 place;109th avenue;                                        ;0;0;0;0;0;0;0;0;Unspecified;Unspecified;;;;3466917;PASSENGER VEHICLE;PASSENGER VEHICLE;;;;2016-06-23 00:05:00;40.6977589 -73.783519;1
8451;STATEN ISLAND;10312;40.5268604;-74.19113979999999;(40.5268604, -74.1911398);eylandt street;luten avenue;                                        ;0;0;0;0;0;0;0;0;Unspecified;Unspecified;;;;3464924;PASSENGER VEHICLE;PASSENGER VEHICLE;;;;2016-06-20 09:55:00;40.5268604 -74.1911398;1
10922;MANHATTAN;10036;40.758266600000006;-73.9854677;(40.7582666, -73.9854677);;;1535 BROADWAY                           ;0;0;0;0;0;0;0;0;Unspecified;Unspecified;;;;3465582;PASSENGER VEHICLE;;;;;2016-06-16 21:00:00;40.7582666 -73.9854677;1
8293;BROOKLYN;11226;40.6506684;-73.95246970000001;(40.6506684, -73.9524697);church avenue;rogers avenue;                                        ;0;0;0;0;0;0;0;0;Unspecified;Unspecified;;;;3471442;PASSENGER VEHICLE;PASSENGER VEHICLE;;;;2016-06-20 23:45:00;40.6506684 -73.9524697;1
6523;BROOKLYN;11223;40.602121600000004;-73.9695774;(40.6021216, -73.9695774);east 3rd street;avenue s;                                        ;0;0;0;0;0;0;0;0;Unspecified;Unspecified;;;;3468146;PASSENGER VEHICLE;PASSENGER VEHICLE;;;;2016-06-22 14:50:00;40.6021216 -73.9695774;1
18143;BROOKLYN;11211;40.7145932;-73.9387562;(40.7145932, -73.9387562);metropolitan avenue;olive street;                                        ;0;0;0;0;0;0;0;0;Unspecified;Unspecified;;;;3455471;PASSENGER VEHICLE;PASSENGER VEHICLE;;;;2016-06-03 10:30:00;40.7145932 -73.9387562;1
9654;QUEENS;11004;40.7370802;-73.713109;(40.7370802, -73.713109);;;83-46 255 STREET                        ;1;0;0;0;0;0;1;0;Unspecified;Unspecified;Unspecified;;;3463319;PASSENGER VEHICLE;PASSENGER VEHICLE;PASSENGER VEHICLE;;;2016-06-18 08:15:00;40.7370802 -73.713109;1
3086;BRONX;10466;40.8917315;-73.8384712;(40.8917315, -73.8384712);;;4011 MONTICELLO AVENUE                  ;0;0;0;0;0;0;0;0;Unspecified;Unspecified;;;;3471350;PASSENGER VEHICLE;PASSENGER VEHICLE;;;;2016-06-27 14:30:00;40.8917315 -73.8384712;1
18234;BROOKLYN;11207;40.6771499;-73.9039534;(40.6771499, -73.9039534);;;1495      HERKIMER STREET               ;0;0;0;0;0;0;0;0;Unspecified;Unspecified;;;;3552958;;;;;;2016-06-03 13:06:00;40.6771499 -73.9039534;1
4283;BROOKLYN;11219;40.623323600000006;-73.9971218;(40.6233236, -73.9971218);65th street;15th avenue;                                        ;0;0;0;0;0;0;0;0;Unspecified;Unspecified;;;;3468882;MOTORCYCLE;;;;;2016-06-25 12:15:00;40.6233236 -73.9971218;1
2146;QUEENS;11375;40.7151185;-73.832233;(40.7151185, -73.832233);queens boulevard;78th avenue;                                        ;0;0;0;0;0;0;0;0;Unspecified;;;;;3471024;PASSENGER VEHICLE;;;;;2016-06-29 08:08:00;40.7151185 -73.832233;1
4249;MANHATTAN;10036;40.7564114;-73.98785759999998;(40.7564114, -73.9878576);;;220 WEST 42 STREET                      ;0;0;0;0;0;0;0;0;Unspecified;Unspecified;;;;3468059;BICYCLE;;;;;2016-06-25 11:31:00;40.7564114 -73.9878576;1
9081;BROOKLYN;11213;40.6694339;-73.92549240000001;(40.6694339, -73.9254924);lincoln place;buffalo avenue;                                        ;1;0;0;0;0;0;1;0;Unspecified;Unspecified;Unspecified;;;3469857;PASSENGER VEHICLE;PASSENGER VEHICLE;PASSENGER VEHICLE;;;2016-06-18 11:30:00;40.6694339 -73.9254924;1
1534;MANHATTAN;10019;40.764627000000004;-73.9955453;(40.764627, -73.9955453);11th avenue;west 48th street;                                        ;0;0;0;0;0;0;0;0;Unspecified;Unspecified;;;;3471205;PASSENGER VEHICLE;PASSENGER VEHICLE;;;;2016-06-29 00:30:00;40.764627 -73.9955453;1
6119;QUEENS;11434;40.6903432;-73.78242879999999;(40.6903432, -73.7824288);linden boulevard;167th street;                                        ;0;0;0;0;0;0;0;0;Unspecified;Unspecified;;;;3467595;PASSENGER VEHICLE;PASSENGER VEHICLE;;;;2016-06-23 20:47:00;40.6903432 -73.7824288;1
17030;BRONX;10457;40.8477632;-73.90727820000001;(40.8477632, -73.9072782);east 176th street;weeks avenue;                                        ;0;0;0;0;0;0;0;0;Unspecified;Unspecified;;;;3460402;PASSENGER VEHICLE;PASSENGER VEHICLE;;;;2016-06-05 00:20:00;40.8477632 -73.9072782;1
6597;QUEENS;11355;40.7567223;-73.8101823;(40.7567223, -73.8101823);156th street;murray street;                                        ;1;0;0;0;0;0;1;0;Unspecified;Unspecified;;;;3467002;PASSENGER VEHICLE;PASSENGER VEHICLE;;;;2016-06-22 16:00:00;40.7567223 -73.8101823;1
6149;MANHATTAN;10001;40.7544905;-74.0067388;(40.7544905, -74.0067388);12th avenue;west 30th street;                                        ;0;0;0;0;0;0;0;0;Unspecified;Unspecified;;;;3467997;PASSENGER VEHICLE;PASSENGER VEHICLE;;;;2016-06-23 22:30:00;40.7544905 -74.0067388;1
6338;BROOKLYN;11233;40.6772496;-73.92753859999999;(40.6772496, -73.9275386);rochester avenue;atlantic avenue;                                        ;1;0;0;0;0;0;1;0;Unspecified;Unspecified;;;;3475085;PASSENGER VEHICLE;PASSENGER VEHICLE;;;;2016-06-22 10:10:00;40.6772496 -73.9275386;1
14265;BROOKLYN;11229;40.608031;-73.9600379;(40.608031, -73.9600379);east 13th street;kings highway;                                        ;0;0;0;0;0;0;0;0;Unspecified;Unspecified;;;;3459749;PASSENGER VEHICLE;PASSENGER VEHICLE;;;;2016-06-09 10:30:00;40.608031 -73.9600379;1
4735;BROOKLYN;11211;40.711213799999996;-73.9633775;(40.7112138, -73.9633775);south 5th street;bedford avenue;                                        ;0;0;0;0;0;0;0;0;Unspecified;Unspecified;;;;3468257;PASSENGER VEHICLE;PASSENGER VEHICLE;;;;2016-06-25 02:20:00;40.7112138 -73.9633775;1
7908;MANHATTAN;10006;40.709915;-74.014785;(40.709915, -74.014785);;;87 WEST STREET                          ;0;0;0;0;0;0;0;0;Unspecified;Unspecified;;;;3465507;PASSENGER VEHICLE;PASSENGER VEHICLE;;;;2016-06-20 13:50:00;40.709915 -74.014785;1
19043;QUEENS;11101;40.756389;-73.9473337;(40.756389, -73.9473337);;;41-001 VERNON BOULEVARD                 ;0;0;0;0;0;0;0;0;Unspecified;Unspecified;;;;3455594;PASSENGER VEHICLE;PASSENGER VEHICLE;;;;2016-06-02 15:40:00;40.756389 -73.9473337;1
3083;BROOKLYN;11217;40.6855367;-73.974068;(40.6855367, -73.974068);;;87 HANSON PLACE                         ;0;0;0;0;0;0;0;0;Unspecified;Unspecified;;;;3470832;PASSENGER VEHICLE;PASSENGER VEHICLE;;;;2016-06-27 14:20:00;40.6855367 -73.974068;1
2537;MANHATTAN;10029;40.794177399999995;-73.944866;(40.7941774, -73.944866);east 109th street;lexington avenue;                                        ;0;0;0;0;0;0;0;0;Unspecified;;;;;3476107;PASSENGER VEHICLE;;;;;2016-06-28 16:48:00;40.7941774 -73.944866;1
19376;BROOKLYN;11201;40.6873594;-73.9978726;(40.6873594, -73.9978726);baltic street;henry street;                                        ;0;0;0;0;0;0;0;0;Unspecified;Unspecified;;;;3457125;PASSENGER VEHICLE;;;;;2016-06-02 07:35:00;40.6873594 -73.9978726;1
12938;MANHATTAN;10022;40.759308000000004;-73.9652931;(40.759308, -73.9652931);2nd avenue;east 57th street;                                        ;0;0;0;0;0;0;0;0;Unspecified;Unspecified;;;;3460138;PASSENGER VEHICLE;PASSENGER VEHICLE;;;;2016-06-12 19:45:00;40.759308 -73.9652931;1
17315;MANHATTAN;10001;40.7514468;-74.0014293;(40.7514468, -74.0014293);10th avenue;west 29th street;                                        ;0;0;0;0;0;0;0;0;Unspecified;Unspecified;;;;3457518;PASSENGER VEHICLE;PASSENGER VEHICLE;;;;2016-06-05 19:45:00;40.7514468 -74.0014293;1
8468;MANHATTAN;10022;40.759308000000004;-73.9652931;(40.759308, -73.9652931);2nd avenue;east 57th street;                                        ;1;0;0;0;0;0;1;0;Unspecified;;;;;3471171;PASSENGER VEHICLE;;;;;2016-06-19 00:15:00;40.759308 -73.9652931;1
2635;BROOKLYN;11218;40.6409147;-73.9736422;(40.6409147, -73.9736422);avenue c;ocean parkway;                                        ;0;0;0;0;0;0;0;0;Unspecified;Unspecified;;;;3471413;MOTORCYCLE;PASSENGER VEHICLE;;;;2016-06-28 19:30:00;40.6409147 -73.9736422;1
5173;BROOKLYN;11230;40.6251782;-73.961393;(40.6251782, -73.961393);avenue j;east 15th street;                                        ;0;0;0;0;0;0;0;0;Unspecified;Unspecified;;;;3473803;PASSENGER VEHICLE;PASSENGER VEHICLE;;;;2016-06-24 16:08:00;40.6251782 -73.961393;1
16791;BROOKLYN;11207;40.6703265;-73.88877240000001;(40.6703265, -73.8887724);sutter avenue;hendrix street;                                        ;2;0;0;0;0;0;2;0;Unspecified;Unspecified;;;;3457879;PASSENGER VEHICLE;PASSENGER VEHICLE;;;;2016-06-06 21:15:00;40.6703265 -73.8887724;1
10062;BRONX;10469;40.8693915;-73.8499618;(40.8693915, -73.8499618);adee avenue;bouck avenue;                                        ;0;0;0;0;0;0;0;0;Unspecified;Unspecified;;;;3464300;PASSENGER VEHICLE;PASSENGER VEHICLE;;;;2016-06-17 17:00:00;40.8693915 -73.8499618;1
18010;BROOKLYN;11211;40.711677;-73.9612022;(40.711677, -73.9612022);;;777 DRIGGS AVENUE                       ;0;0;0;0;0;0;0;0;Unspecified;Unspecified;;;;3456403;PASSENGER VEHICLE;BICYCLE;;;;2016-06-04 02:46:00;40.711677 -73.9612022;1
9212;BROOKLYN;11224;40.5789211;-73.974959;(40.5789211, -73.974959);west 6th street;sheepshead bay road;                                        ;0;0;0;0;0;0;0;0;Unspecified;Unspecified;;;;3464335;PASSENGER VEHICLE;PASSENGER VEHICLE;;;;2016-06-18 14:30:00;40.5789211 -73.974959;1
17014;MANHATTAN;10028;40.774291999999996;-73.9512622;(40.774292, -73.9512622);east 82nd street;1st avenue;                                        ;0;0;0;0;0;0;0;0;Unspecified;Unspecified;;;;3456770;PASSENGER VEHICLE;PASSENGER VEHICLE;;;;2016-06-06 09:59:00;40.774292 -73.9512622;1
1344;MANHATTAN;10019;40.7677586;-73.9932635;(40.7677586, -73.9932635);11th avenue;west 53rd street;                                        ;0;0;0;0;0;0;0;0;Unspecified;Unspecified;;;;3471961;PASSENGER VEHICLE;PASSENGER VEHICLE;;;;2016-06-30 22:00:00;40.7677586 -73.9932635;1
7471;BROOKLYN;11220;40.6424437;-74.00591309999999;(40.6424437, -74.0059131);50th street;7th avenue;                                        ;0;0;0;0;0;0;0;0;Unspecified;Unspecified;;;;3465965;PASSENGER VEHICLE;PASSENGER VEHICLE;;;;2016-06-21 19:00:00;40.6424437 -74.0059131;1
7106;QUEENS;11417;40.671719200000005;-73.8509652;(40.6717192, -73.8509652);north conduit avenue;linden boulevard;                                        ;0;0;0;0;0;0;0;0;Unspecified;;;;;3466959;PASSENGER VEHICLE;;;;;2016-06-21 11:00:00;40.6717192 -73.8509652;1
15006;BRONX;10469;40.86697279999999;-73.83732020000001;(40.8669728, -73.8373202);bartow avenue;gunther avenue;                                        ;3;0;0;0;0;0;3;0;Unspecified;Unspecified;;;;3458488;PASSENGER VEHICLE;PASSENGER VEHICLE;;;;2016-06-08 13:10:00;40.8669728 -73.8373202;1
11627;QUEENS;11435;40.69048239999999;-73.8002057;(40.6904824, -73.8002057);liverpool street;109th avenue;                                        ;0;0;0;0;0;0;0;0;Unspecified;Unspecified;;;;3472407;PASSENGER VEHICLE;PASSENGER VEHICLE;;;;2016-06-15 21:07:00;40.6904824 -73.8002057;1
5169;MANHATTAN;10011;40.7459518;-73.9980079;(40.7459518, -73.9980079);west 24th street;8th avenue;                                        ;0;0;0;0;0;0;0;0;Unspecified;Unspecified;Unspecified;;;3468004;PASSENGER VEHICLE;PASSENGER VEHICLE;PASSENGER VEHICLE;;;2016-06-24 16:05:00;40.7459518 -73.9980079;1
16213;QUEENS;11101;40.744453799999995;-73.9298257;(40.7444538, -73.9298257);35th street;queens boulevard;                                        ;0;0;0;0;0;0;0;0;Unspecified;Unspecified;;;;3457295;SMALL COM VEH(4 TIRES) ;PASSENGER VEHICLE;;;;2016-06-07 08:45:00;40.7444538 -73.9298257;1
15390;QUEENS;11418;40.6968646;-73.8153438;(40.6968646, -73.8153438);134th street;atlantic avenue;                                        ;3;0;0;0;0;0;3;0;Unspecified;Unspecified;;;;3458705;PASSENGER VEHICLE;PASSENGER VEHICLE;;;;2016-06-08 21:40:00;40.6968646 -73.8153438;1
12954;QUEENS;11420;40.6812604;-73.8186788;(40.6812604, -73.8186788);122nd street;111th avenue;                                        ;0;0;0;0;0;0;0;0;Unspecified;Unspecified;;;;3460830;PASSENGER VEHICLE;PASSENGER VEHICLE;;;;2016-06-12 01:45:00;40.6812604 -73.8186788;1
6649;BROOKLYN;11234;40.636526399999994;-73.9210182;(40.6365264, -73.9210182);farragut road;east 58th street;                                        ;0;0;0;0;0;0;0;0;Unspecified;Unspecified;;;;3466704;PASSENGER VEHICLE;PASSENGER VEHICLE;;;;2016-06-22 17:00:00;40.6365264 -73.9210182;1
5637;BROOKLYN;11230;40.625975399999994;-73.97623459999998;(40.6259754, -73.9762346);mcdonald avenue;avenue i;                                        ;0;0;0;0;0;0;0;0;Unspecified;Unspecified;;;;3467736;PASSENGER VEHICLE;PASSENGER VEHICLE;;;;2016-06-24 09:25:00;40.6259754 -73.9762346;1
11587;BRONX;10451;40.825385499999996;-73.9261813;(40.8253855, -73.9261813);gerard avenue;east 157th street;                                        ;0;0;0;0;0;0;0;0;Unspecified;Unspecified;;;;3462005;PASSENGER VEHICLE;MOTORCYCLE;;;;2016-06-15 19:45:00;40.8253855 -73.9261813;1
19087;BROOKLYN;11228;40.6248957;-74.01340809999999;(40.6248957, -74.0134081);10th avenue;74th street;                                        ;0;0;0;0;0;0;0;0;Unspecified;Unspecified;;;;3457807;PASSENGER VEHICLE;PASSENGER VEHICLE;;;;2016-06-02 16:30:00;40.6248957 -74.0134081;1
10784;STATEN ISLAND;10305;40.582620299999995;-74.0843579;(40.5826203, -74.0843579);olympia boulevard;seaview avenue;                                        ;0;0;0;0;0;0;0;0;Unspecified;Unspecified;;;;3463157;PASSENGER VEHICLE;PASSENGER VEHICLE;;;;2016-06-16 17:25:00;40.5826203 -74.0843579;1
9694;MANHATTAN;10020;40.758644700000005;-73.9813418;(40.7586447, -73.9813418);avenue of the americas;west 48th street;                                        ;0;0;0;0;0;0;0;0;Unspecified;Unspecified;;;;3465607;PASSENGER VEHICLE;PASSENGER VEHICLE;;;;2016-06-18 09:30:00;40.7586447 -73.9813418;1
17902;QUEENS;11373;40.7341354;-73.8691738;(40.7341354, -73.8691738);92nd street;59th avenue;                                        ;0;0;0;0;0;0;0;0;Unspecified;Unspecified;;;;3456573;PASSENGER VEHICLE;PASSENGER VEHICLE;;;;2016-06-04 20:30:00;40.7341354 -73.8691738;1
17546;QUEENS;11357;40.786888700000006;-73.807879;(40.7868887, -73.807879);;;153-15 CROSS ISLAND PARKWAY             ;0;0;0;0;0;0;0;0;Unspecified;Unspecified;;;;3455550;PASSENGER VEHICLE;PASSENGER VEHICLE;;;;2016-06-04 11:40:00;40.7868887 -73.807879;1
8010;MANHATTAN;10010;40.740598799999994;-73.9873589;(40.7405988, -73.9873589);;;48 EAST 23 STREET                       ;0;0;0;0;0;0;0;0;Unspecified;Unspecified;;;;3464932;PASSENGER VEHICLE;PASSENGER VEHICLE;;;;2016-06-20 16:00:00;40.7405988 -73.9873589;1
5160;STATEN ISLAND;10304;40.6197305;-74.08357629999999;(40.6197305, -74.0835763);gordon street;laurel avenue;                                        ;0;0;0;0;0;0;0;0;Unspecified;Unspecified;;;;3469380;PASSENGER VEHICLE;PASSENGER VEHICLE;;;;2016-06-24 16:00:00;40.6197305 -74.0835763;1
11274;MANHATTAN;10001;40.7514468;-74.0014293;(40.7514468, -74.0014293);10th avenue;west 29th street;                                        ;0;0;0;0;0;0;0;0;Unspecified;Unspecified;;;;3463538;MOTORCYCLE;PASSENGER VEHICLE;;;;2016-06-15 13:45:00;40.7514468 -74.0014293;1
14307;STATEN ISLAND;10309;40.5209185;-74.2351117;(40.5209185, -74.2351117);page avenue;richmond valley road;                                        ;0;0;0;0;0;0;0;0;Unspecified;Unspecified;;;;3459677;PASSENGER VEHICLE;PASSENGER VEHICLE;;;;2016-06-09 11:43:00;40.5209185 -74.2351117;1
4269;QUEENS;11357;40.783628;-73.825185;(40.783628, -73.825185);;;18-30 WHITESTONE EXPRESSWAY             ;0;0;0;0;0;0;0;0;Unspecified;Unspecified;;;;3469230;SMALL COM VEH(4 TIRES) ;PASSENGER VEHICLE;;;;2016-06-25 12:00:00;40.783628 -73.825185;1
9955;MANHATTAN;10031;40.8238869;-73.95230620000001;(40.8238869, -73.9523062);broadway;west 141st street;                                        ;1;0;0;0;1;0;0;0;Unspecified;Unspecified;;;;3470405;PASSENGER VEHICLE;BICYCLE;;;;2016-06-17 15:00:00;40.8238869 -73.9523062;1
11143;BRONX;10455;40.8188794;-73.9164988;(40.8188794, -73.9164988);melrose avenue;east 153rd street;                                        ;0;0;0;0;0;0;0;0;Unspecified;Unspecified;;;;3461978;PASSENGER VEHICLE;AMBULANCE;;;;2016-06-15 00:00:00;40.8188794 -73.9164988;1
2088;QUEENS;11362;40.751703899999995;-73.7382639;(40.7517039, -73.7382639);;;240-47 67 AVENUE                        ;0;0;0;0;0;0;0;0;Unspecified;Unspecified;;;;3471790;PASSENGER VEHICLE;PASSENGER VEHICLE;;;;2016-06-29 23:30:00;40.7517039 -73.7382639;1
8905;MANHATTAN;10035;40.8056394;-73.934392;(40.8056394, -73.934392);east 128th street;3rd avenue;                                        ;0;0;0;0;0;0;0;0;Unspecified;Unspecified;;;;3465003;PASSENGER VEHICLE;PASSENGER VEHICLE;;;;2016-06-19 02:00:00;40.8056394 -73.934392;1
1883;BROOKLYN;11207;40.659624;-73.8881883;(40.659624, -73.8881883);linden boulevard;wyona street;                                        ;0;0;0;0;0;0;0;0;Unspecified;Unspecified;;;;3471554;PASSENGER VEHICLE;PASSENGER VEHICLE;;;;2016-06-29 17:30:00;40.659624 -73.8881883;1
14807;QUEENS;11432;40.72161989999999;-73.77670959999999;(40.7216199, -73.7767096);188th street;mclaughlin avenue;                                        ;0;0;0;0;0;0;0;0;Unspecified;Unspecified;;;;3459905;PASSENGER VEHICLE;;;;;2016-06-09 08:30:00;40.7216199 -73.7767096;1
10764;BRONX;10462;40.855267;-73.8676812;(40.855267, -73.8676812);;;2159 WHITE PLAINS ROAD                  ;0;0;0;0;0;0;0;0;Unspecified;Unspecified;;;;3462797;MOTORCYCLE;PASSENGER VEHICLE;;;;2016-06-16 17:00:00;40.855267 -73.8676812;1
17629;QUEENS;11421;40.688257;-73.8556447;(40.688257, -73.8556447);87th street;91st avenue;                                        ;0;0;0;0;0;0;0;0;Unspecified;Unspecified;;;;3456446;PASSENGER VEHICLE;PASSENGER VEHICLE;;;;2016-06-04 13:50:00;40.688257 -73.8556447;1
3532;BROOKLYN;11220;40.645997200000004;-74.01633840000001;(40.6459972, -74.0163384);3rd avenue;53rd street;                                        ;0;0;0;0;0;0;0;0;Unspecified;Unspecified;;;;3468993;VAN;;;;;2016-06-27 08:30:00;40.6459972 -74.0163384;1
6945;BRONX;10470;40.89844620000001;-73.8748188;(40.8984462, -73.8748188);van cortlandt park east;napier avenue;                                        ;0;0;0;0;0;0;0;0;Unspecified;Unspecified;;;;3469674;PASSENGER VEHICLE;PASSENGER VEHICLE;;;;2016-06-22 07:14:00;40.8984462 -73.8748188;1
15005;BROOKLYN;11203;40.6467384;-73.9230493;(40.6467384, -73.9230493);beverley road;east 57th street;                                        ;0;0;0;0;0;0;0;0;Unspecified;Unspecified;;;;3460551;PASSENGER VEHICLE;PASSENGER VEHICLE;;;;2016-06-08 13:10:00;40.6467384 -73.9230493;1
15882;BROOKLYN;11221;40.691894;-73.9338333;(40.691894, -73.9338333);lafayette avenue;stuyvesant avenue;                                        ;0;0;0;0;0;0;0;0;Unspecified;Unspecified;;;;3460658;PASSENGER VEHICLE;PASSENGER VEHICLE;;;;2016-06-07 16:50:00;40.691894 -73.9338333;1
2417;BROOKLYN;11203;40.644636600000005;-73.94310859999999;(40.6446366, -73.9431086);cortelyou road;brooklyn avenue;                                        ;0;0;0;0;0;0;0;0;Unspecified;Unspecified;;;;3471470;PASSENGER VEHICLE;PASSENGER VEHICLE;;;;2016-06-28 14:12:00;40.6446366 -73.9431086;1
3405;BROOKLYN;11201;40.696131;-73.9871041;(40.696131, -73.9871041);tillary street;jay street;                                        ;1;0;0;0;0;0;1;0;Unspecified;Unspecified;;;;3478553;PASSENGER VEHICLE;PASSENGER VEHICLE;;;;2016-06-27 21:55:00;40.696131 -73.9871041;1
3170;QUEENS;11365;40.738352299999995;-73.7885328;(40.7383523, -73.7885328);64th avenue;185th street;                                        ;0;0;0;0;0;0;0;0;Unspecified;Unspecified;;;;3470032;PASSENGER VEHICLE;PASSENGER VEHICLE;;;;2016-06-27 16:00:00;40.7383523 -73.7885328;1
18932;BROOKLYN;11215;40.6677245;-73.9808698;(40.6677245, -73.9808698);;;301 7TH AVENUE                          ;0;0;0;0;0;0;0;0;Unspecified;Unspecified;;;;3459393;SMALL COM VEH(4 TIRES) ;PASSENGER VEHICLE;;;;2016-06-02 13:00:00;40.6677245 -73.9808698;1
2473;BROOKLYN;11234;40.6009013;-73.91273819999999;(40.6009013, -73.9127382);;;2875 FLATBUSH AVENUE                    ;0;0;0;0;0;0;0;0;Unspecified;Unspecified;;;;3470634;PASSENGER VEHICLE;PASSENGER VEHICLE;;;;2016-06-28 15:30:00;40.6009013 -73.9127382;1
19820;BRONX;10459;40.825706;-73.8908938;(40.825706, -73.8908938);hoe avenue;west farms road;                                        ;1;0;0;0;1;0;0;0;Unspecified;Unspecified;;;;3454429;PASSENGER VEHICLE;BICYCLE;;;;2016-06-01 16:30:00;40.825706 -73.8908938;1
12941;BRONX;10466;40.884988;-73.8405418;(40.884988, -73.8405418);;;3750 BAYCHESTER AVENUE                  ;0;0;0;0;0;0;0;0;Unspecified;Unspecified;;;;3465765;PASSENGER VEHICLE;PASSENGER VEHICLE;;;;2016-06-12 19:50:00;40.884988 -73.8405418;1
18553;QUEENS;11355;40.7486692;-73.81699029999999;(40.7486692, -73.8169903);;;48-07 KISSENA BOULEVARD                 ;0;0;0;0;0;0;0;0;Unspecified;Unspecified;;;;3455135;PASSENGER VEHICLE;PASSENGER VEHICLE;;;;2016-06-03 20:21:00;40.7486692 -73.8169903;1
20096;BROOKLYN;11212;40.6543098;-73.90974190000001;(40.6543098, -73.9097419);linden boulevard;boyland street;                                        ;0;0;0;0;0;0;0;0;Unspecified;Unspecified;;;;3454561;PASSENGER VEHICLE;PASSENGER VEHICLE;;;;2016-06-01 02:00:00;40.6543098 -73.9097419;1
13056;STATEN ISLAND;10312;40.5579803;-74.1725547;(40.5579803, -74.1725547);;;89 BRANDIS AVENUE                       ;0;0;0;0;0;0;0;0;Unspecified;;;;;3461021;PASSENGER VEHICLE;;;;;2016-06-12 23:44:00;40.5579803 -74.1725547;1
9799;STATEN ISLAND;10308;40.544076700000005;-74.1580762;(40.5440767, -74.1580762);oakdale street;robinson avenue;                                        ;0;0;0;0;0;0;0;0;Unspecified;Unspecified;;;;3464898;PASSENGER VEHICLE;PASSENGER VEHICLE;;;;2016-06-17 11:40:00;40.5440767 -74.1580762;1
2740;BRONX;10465;40.824195200000005;-73.83646359999999;(40.8241952, -73.8364636);;;839 HUTCHINSON RIVER PARKWAY            ;0;0;0;0;0;0;0;0;Unspecified;Unspecified;;;;3473663;PASSENGER VEHICLE;PASSENGER VEHICLE;;;;2016-06-28 23:01:00;40.8241952 -73.8364636;1
14354;MANHATTAN;10035;40.8001615;-73.9353727;(40.8001615, -73.9353727);2nd avenue;east 121st street;                                        ;1;0;0;0;0;0;1;0;Unspecified;Unspecified;;;;3459090;PASSENGER VEHICLE;SMALL COM VEH(4 TIRES) ;;;;2016-06-09 12:55:00;40.8001615 -73.9353727;1
13123;BROOKLYN;11238;40.6764448;-73.96929109999999;(40.6764448, -73.9692911);;;681 VANDERBILT AVENUE                   ;1;0;0;0;0;0;1;0;Unspecified;Unspecified;;;;3462899;PASSENGER VEHICLE;PASSENGER VEHICLE;;;;2016-06-12 08:00:00;40.6764448 -73.9692911;1
17140;QUEENS;11433;40.699472;-73.78371170000001;(40.699472, -73.7837117);108th avenue;172nd street;                                        ;1;0;0;0;0;0;1;0;Unspecified;Unspecified;;;;3456475;PASSENGER VEHICLE;PASSENGER VEHICLE;;;;2016-06-05 13:35:00;40.699472 -73.7837117;1
5157;QUEENS;11379;40.7178297;-73.8723912;(40.7178297, -73.8723912);80th street;furmanville avenue;                                        ;0;0;0;0;0;0;0;0;Unspecified;Unspecified;;;;3468299;PASSENGER VEHICLE;PASSENGER VEHICLE;;;;2016-06-24 15:55:00;40.7178297 -73.8723912;1
12319;QUEENS;11418;40.7023568;-73.8187476;(40.7023568, -73.8187476);134th street;jamaica avenue;                                        ;0;0;0;0;0;0;0;0;Unspecified;Unspecified;;;;3461521;PASSENGER VEHICLE;PASSENGER VEHICLE;;;;2016-06-13 15:30:00;40.7023568 -73.8187476;1
12926;BRONX;10473;40.8228206;-73.8690934;(40.8228206, -73.8690934);story avenue;croes avenue;                                        ;0;0;0;0;0;0;0;0;Unspecified;Unspecified;;;;3464205;PASSENGER VEHICLE;PASSENGER VEHICLE;;;;2016-06-12 19:15:00;40.8228206 -73.8690934;1
5715;BRONX;10468;40.8741638;-73.88796500000001;(40.8741638, -73.887965);;;3090 VILLA AVENUE                       ;0;0;0;0;0;0;0;0;Unspecified;Unspecified;;;;3466687;PASSENGER VEHICLE;PASSENGER VEHICLE;;;;2016-06-23 11:00:00;40.8741638 -73.887965;1
19771;BRONX;10457;40.8465895;-73.8957318;(40.8465895, -73.8957318);;;541 EAST TREMONT AVENUE                 ;0;0;0;0;0;0;0;0;Unspecified;Unspecified;Unspecified;;;3453302;PASSENGER VEHICLE;PASSENGER VEHICLE;PASSENGER VEHICLE;;;2016-06-01 15:50:00;40.8465895 -73.8957318;1
9929;QUEENS;11377;40.7561085;-73.90070290000001;(40.7561085, -73.9007029);32nd avenue;62nd street;                                        ;0;0;0;0;0;0;0;0;Unspecified;Unspecified;Unspecified;;;3463461;PASSENGER VEHICLE;PASSENGER VEHICLE;SMALL COM VEH(4 TIRES) ;;;2016-06-17 14:45:00;40.7561085 -73.9007029;1
10605;MANHATTAN;10014;40.7339626;-74.0048171;(40.7339626, -74.0048171);;;218 WEST 10 STREET                      ;0;0;0;0;0;0;0;0;Unspecified;Unspecified;;;;3463518;PASSENGER VEHICLE;OTHER;;;;2016-06-16 13:20:00;40.7339626 -74.0048171;1
19454;BRONX;10466;40.8934115;-73.85736209999999;(40.8934115, -73.8573621);east 233rd street;white plains road;                                        ;0;0;0;0;0;0;0;0;Unspecified;Unspecified;;;;3457707;PASSENGER VEHICLE;PASSENGER VEHICLE;;;;2016-06-02 09:17:00;40.8934115 -73.8573621;1
5496;QUEENS;11420;40.682539899999995;-73.80715570000001;(40.6825399, -73.8071557);linden boulevard;135th street;                                        ;3;0;0;0;0;0;3;0;Unspecified;Unspecified;;;;3467843;PASSENGER VEHICLE;PASSENGER VEHICLE;;;;2016-06-24 23:00:00;40.6825399 -73.8071557;1
9784;BROOKLYN;11233;40.6848799;-73.92310259999999;(40.6848799, -73.9231026);halsey street;ralph avenue;                                        ;1;0;0;0;0;0;1;0;Unspecified;Unspecified;;;;3466839;PASSENGER VEHICLE;PASSENGER VEHICLE;;;;2016-06-17 11:25:00;40.6848799 -73.9231026;1
19866;BROOKLYN;11219;40.6309981;-73.9975105;(40.6309981, -73.9975105);;;1273 57 STREET                          ;0;0;0;0;0;0;0;0;Unspecified;Unspecified;;;;3453435;PASSENGER VEHICLE;;;;;2016-06-01 17:15:00;40.6309981 -73.9975105;1
1010;MANHATTAN;10028;40.7762371;-73.9558679;(40.7762371, -73.9558679);east 82nd street;3rd avenue;                                        ;0;0;0;0;0;0;0;0;Unspecified;Unspecified;;;;3473438;PASSENGER VEHICLE;;;;;2016-06-30 14:49:00;40.7762371 -73.9558679;1
7057;MANHATTAN;10035;40.804375799999995;-73.9374202;(40.8043758, -73.9374202);lexington avenue;east 125th street;                                        ;1;0;1;0;0;0;0;0;Unspecified;Unspecified;;;;3465663;PASSENGER VEHICLE;VAN;;;;2016-06-21 00:00:00;40.8043758 -73.9374202;1
13205;BROOKLYN;11213;40.6710896;-73.93089429999999;(40.6710896, -73.9308943);;;223 UTICA AVENUE                        ;2;0;0;0;0;0;2;0;Unspecified;Unspecified;;;;3460637;PASSENGER VEHICLE;PASSENGER VEHICLE;;;;2016-06-11 12:15:00;40.6710896 -73.9308943;1
3631;BROOKLYN;11204;40.6172489;-73.9886862;(40.6172489, -73.9886862);66th street;19th avenue;                                        ;0;0;0;0;0;0;0;0;Unspecified;Unspecified;;;;3468894;PASSENGER VEHICLE;PASSENGER VEHICLE;;;;2016-06-26 10:15:00;40.6172489 -73.9886862;1
8781;MANHATTAN;10016;40.7464029;-73.9797248;(40.7464029, -73.9797248);east 34th street;lexington avenue;                                        ;1;0;0;0;1;0;0;0;Unspecified;Unspecified;;;;3464966;PASSENGER VEHICLE;BICYCLE;;;;2016-06-19 19:15:00;40.7464029 -73.9797248;1
9801;BROOKLYN;11220;40.639643799999995;-74.0088242;(40.6396438, -74.0088242);55th street;7th avenue;                                        ;0;0;0;0;0;0;0;0;Unspecified;Unspecified;;;;3462874;PASSENGER VEHICLE;PASSENGER VEHICLE;;;;2016-06-17 11:45:00;40.6396438 -74.0088242;1
15549;MANHATTAN;10011;40.7378658;-74.00018399999999;(40.7378658, -74.000184);7th avenue;west 13th street;                                        ;0;0;0;0;0;0;0;0;Unspecified;Unspecified;;;;3457506;SMALL COM VEH(4 TIRES) ;PASSENGER VEHICLE;;;;2016-06-08 09:15:00;40.7378658 -74.000184;1
5098;QUEENS;11427;40.724691799999995;-73.7540928;(40.7246918, -73.7540928);hillside avenue;212th street;                                        ;0;0;0;0;0;0;0;0;Unspecified;Unspecified;;;;3467818;PASSENGER VEHICLE;PASSENGER VEHICLE;;;;2016-06-24 14:50:00;40.7246918 -73.7540928;1
9414;BRONX;10475;40.8817624;-73.82323819999999;(40.8817624, -73.8232382);peartree avenue;givan avenue;                                        ;0;0;0;0;0;0;0;0;Unspecified;Unspecified;Unspecified;;;3473641;PASSENGER VEHICLE;PASSENGER VEHICLE;PASSENGER VEHICLE;;;2016-06-18 19:00:00;40.8817624 -73.8232382;1
16534;BROOKLYN;11213;40.66895039999999;-73.9338885;(40.6689504, -73.9338885);eastern parkway;schenectady avenue;                                        ;0;0;0;0;0;0;0;0;Unspecified;Unspecified;;;;3457040;PASSENGER VEHICLE;PASSENGER VEHICLE;;;;2016-06-06 15:15:00;40.6689504 -73.9338885;1
19844;QUEENS;11434;40.6666971;-73.7671284;(40.6666971, -73.7671284);south conduit avenue;farmers boulevard;                                        ;0;0;0;0;0;0;0;0;Unspecified;Unspecified;;;;3453926;PASSENGER VEHICLE;PASSENGER VEHICLE;;;;2016-06-01 17:00:00;40.6666971 -73.7671284;1
7009;MANHATTAN;10024;40.788420200000004;-73.97076340000001;(40.7884202, -73.9707634);west 89th street;columbus avenue;                                        ;0;0;0;0;0;0;0;0;Unspecified;Unspecified;;;;3466546;PASSENGER VEHICLE;PICK-UP TRUCK;;;;2016-06-22 09:00:00;40.7884202 -73.9707634;1
12417;QUEENS;11377;40.747623600000004;-73.896576;(40.7476236, -73.896576);69th street;37th road;                                        ;0;0;0;0;0;0;0;0;Unspecified;Unspecified;;;;3461620;PASSENGER VEHICLE;PASSENGER VEHICLE;;;;2016-06-13 18:00:00;40.7476236 -73.896576;1
2996;BROOKLYN;11204;40.6087781;-73.98557590000001;(40.6087781, -73.9855759);;;1537 WEST 12 STREET                     ;0;0;0;0;0;0;0;0;Unspecified;Unspecified;Unspecified;Unspecified;;3470603;PASSENGER VEHICLE;PASSENGER VEHICLE;PASSENGER VEHICLE;PASSENGER VEHICLE;;2016-06-27 12:15:00;40.6087781 -73.9855759;1
12114;QUEENS;11372;40.7540243;-73.88224770000001;(40.7540243, -73.8822477);34th avenue;85th street;                                        ;3;0;0;0;0;0;3;0;Unspecified;Unspecified;;;;3461739;PASSENGER VEHICLE;PASSENGER VEHICLE;;;;2016-06-14 09:15:00;40.7540243 -73.8822477;1
807;MANHATTAN;10033;40.8461403;-73.9342328;(40.8461403, -73.9342328);west 177th street;audubon avenue;                                        ;0;0;0;0;0;0;0;0;Unspecified;Unspecified;;;;3472009;PASSENGER VEHICLE;PASSENGER VEHICLE;;;;2016-06-30 10:15:00;40.8461403 -73.9342328;1
19156;QUEENS;11372;40.7525746;-73.8959728;(40.7525746, -73.8959728);;;70-12 34 AVENUE                         ;2;0;0;0;2;0;0;0;Unspecified;Unspecified;;;;3455200;PASSENGER VEHICLE;BICYCLE;;;;2016-06-02 17:50:00;40.7525746 -73.8959728;1
4331;BROOKLYN;11239;40.6528929;-73.8667311;(40.6528929, -73.8667311);gateway drive;erskine street;                                        ;0;0;0;0;0;0;0;0;Unspecified;Unspecified;;;;3471551;PASSENGER VEHICLE;PASSENGER VEHICLE;;;;2016-06-25 13:30:00;40.6528929 -73.8667311;1
892;BROOKLYN;11215;40.660854;-73.97957779999999;(40.660854, -73.9795778);prospect park west;prospect park southwest;                                        ;0;0;0;0;0;0;0;0;Unspecified;Unspecified;;;;3473838;PASSENGER VEHICLE;PASSENGER VEHICLE;;;;2016-06-30 12:18:00;40.660854 -73.9795778;1
5436;QUEENS;11416;40.68649979999999;-73.83677970000001;(40.6864998, -73.8367797);;;101-32 106 STREET                       ;0;0;0;0;0;0;0;0;Unspecified;Unspecified;;;;3468287;PASSENGER VEHICLE;PASSENGER VEHICLE;;;;2016-06-24 20:30:00;40.6864998 -73.8367797;1
6972;MANHATTAN;10019;40.7629162;-73.9856472;(40.7629162, -73.9856472);8th avenue;west 51st street;                                        ;1;0;0;0;1;0;0;0;Unspecified;Unspecified;;;;3466512;PASSENGER VEHICLE;BICYCLE;;;;2016-06-22 08:00:00;40.7629162 -73.9856472;1
2990;QUEENS;11356;40.7845223;-73.84396009999999;(40.7845223, -73.8439601);15th avenue;124th street;                                        ;1;0;0;0;0;0;1;0;Unspecified;Unspecified;;;;3470078;PASSENGER VEHICLE;PASSENGER VEHICLE;;;;2016-06-27 12:00:00;40.7845223 -73.8439601;1
14747;QUEENS;11422;40.66265670000001;-73.73299759999999;(40.6626567, -73.7329976);francis lewis boulevard;249th street;                                        ;0;0;0;0;0;0;0;0;Unspecified;Unspecified;;;;3458768;PASSENGER VEHICLE;PASSENGER VEHICLE;;;;2016-06-09 05:30:00;40.6626567 -73.7329976;1
1929;BRONX;10469;40.8782098;-73.85607840000002;(40.8782098, -73.8560784);east 215th street;paulding avenue;                                        ;1;0;1;0;0;0;0;0;Unspecified;;;;;3471364;PASSENGER VEHICLE;;;;;2016-06-29 18:20:00;40.8782098 -73.8560784;1
15491;QUEENS;11412;40.69270220000001;-73.7543947;(40.6927022, -73.7543947);;;197-12 118 AVENUE                       ;0;0;0;0;0;0;0;0;Unspecified;Unspecified;;;;3458890;PASSENGER VEHICLE;;;;;2016-06-08 07:55:00;40.6927022 -73.7543947;1
8696;BROOKLYN;11233;40.6778239;-73.91635450000001;(40.6778239, -73.9163545);saratoga avenue;herkimer street;                                        ;0;0;0;0;0;0;0;0;Unspecified;Unspecified;;;;3464502;PASSENGER VEHICLE;PASSENGER VEHICLE;;;;2016-06-19 16:35:00;40.6778239 -73.9163545;1
13006;BROOKLYN;11210;40.631707500000005;-73.946481;(40.6317075, -73.946481);flatbush avenue;avenue h;                                        ;0;0;0;0;0;0;0;0;Unspecified;Unspecified;;;;3460586;PASSENGER VEHICLE;PASSENGER VEHICLE;;;;2016-06-12 21:38:00;40.6317075 -73.946481;1
13921;BRONX;10473;40.820537200000004;-73.8692858;(40.8205372, -73.8692858);;;1687 LAFAYETTE AVENUE                   ;0;0;0;0;0;0;0;0;Unspecified;;;;;3460372;PASSENGER VEHICLE;;;;;2016-06-10 18:00:00;40.8205372 -73.8692858;1
13991;QUEENS;11414;40.6580404;-73.8357068;(40.6580404, -73.8357068);160th avenue;97th street;                                        ;1;0;0;0;0;0;1;0;Unspecified;Unspecified;;;;3459890;PASSENGER VEHICLE;PASSENGER VEHICLE;;;;2016-06-10 19:26:00;40.6580404 -73.8357068;1
17574;MANHATTAN;10001;40.7454217;-73.99096690000002;(40.7454217, -73.9909669);avenue of the americas;west 27th street;                                        ;0;0;0;0;0;0;0;0;Unspecified;Unspecified;;;;3455277;PASSENGER VEHICLE;PASSENGER VEHICLE;;;;2016-06-04 12:30:00;40.7454217 -73.9909669;1
3348;BROOKLYN;11225;40.660436700000005;-73.94541269999999;(40.6604367, -73.9454127);brooklyn avenue;midwood street;                                        ;0;0;0;0;0;0;0;0;Unspecified;Unspecified;;;;3469768;PASSENGER VEHICLE;PASSENGER VEHICLE;;;;2016-06-27 19:58:00;40.6604367 -73.9454127;1
18933;BROOKLYN;11233;40.678278000000006;-73.91075490000001;(40.678278, -73.9107549);rockaway avenue;fulton street;                                        ;0;0;0;0;0;0;0;0;Unspecified;Unspecified;;;;3484692;PASSENGER VEHICLE;PASSENGER VEHICLE;;;;2016-06-02 13:00:00;40.678278 -73.9107549;1
9460;MANHATTAN;10011;40.7422847;-74.0044171;(40.7422847, -74.0044171);9th avenue;west 16th street;                                        ;0;0;0;0;0;0;0;0;Unspecified;Unspecified;;;;3463956;PASSENGER VEHICLE;PASSENGER VEHICLE;;;;2016-06-18 01:34:00;40.7422847 -74.0044171;1
7510;QUEENS;11367;40.72668579999999;-73.8218203;(40.7266858, -73.8218203);main street;72nd avenue;                                        ;0;0;0;0;0;0;0;0;Unspecified;Unspecified;;;;3466195;PASSENGER VEHICLE;PASSENGER VEHICLE;;;;2016-06-21 01:25:00;40.7266858 -73.8218203;1
13878;BROOKLYN;11207;40.6659282;-73.8848435;(40.6659282, -73.8848435);;;607       JEROME STREET                 ;0;0;0;0;0;0;0;0;Turning Improperly;Unspecified;;;;3541479;SPORT UTILITY / STATION WAGON;;;;;2016-06-10 17:06:00;40.6659282 -73.8848435;1
16624;QUEENS;11368;40.756423;-73.86934659999999;(40.756423, -73.8693466);;;33-29 99 STREET                         ;0;0;0;0;0;0;0;0;Unspecified;Unspecified;;;;3459643;PASSENGER VEHICLE;PASSENGER VEHICLE;;;;2016-06-06 17:00:00;40.756423 -73.8693466;1
7019;QUEENS;11101;40.7378083;-73.9292373;(40.7378083, -73.9292373);greenpoint avenue;37th street;                                        ;1;0;0;0;1;0;0;0;Unspecified;Unspecified;;;;3467514;PASSENGER VEHICLE;BICYCLE;;;;2016-06-22 09:08:00;40.7378083 -73.9292373;1
9367;BROOKLYN;11206;40.7102211;-73.95099520000001;(40.7102211, -73.9509952);union avenue;maujer street;                                        ;0;0;0;0;0;0;0;0;Unspecified;Unspecified;;;;3463797;PASSENGER VEHICLE;PASSENGER VEHICLE;;;;2016-06-18 18:00:00;40.7102211 -73.9509952;1
17691;QUEENS;11413;40.666396;-73.7517593;(40.666396, -73.7517593);north conduit avenue;225th street;                                        ;0;0;0;0;0;0;0;0;Unspecified;Unspecified;;;;3455513;PASSENGER VEHICLE;PASSENGER VEHICLE;;;;2016-06-04 15:10:00;40.666396 -73.7517593;1
3109;BROOKLYN;11233;40.678277;-73.9246605;(40.678277, -73.9246605);herkimer street;buffalo avenue;                                        ;0;0;0;0;0;0;0;0;Unspecified;Unspecified;;;;3473886;PASSENGER VEHICLE;PASSENGER VEHICLE;;;;2016-06-27 14:50:00;40.678277 -73.9246605;1
14627;BROOKLYN;11233;40.683414;-73.9228123;(40.683414, -73.9228123);ralph avenue;macdonough street;                                        ;0;0;0;0;0;0;0;0;Unspecified;Unspecified;;;;3460675;PASSENGER VEHICLE;PASSENGER VEHICLE;;;;2016-06-09 19:00:00;40.683414 -73.9228123;1
17491;MANHATTAN;10031;40.8264277;-73.95045079999998;(40.8264277, -73.9504508);west 145th street;broadway;                                        ;0;0;0;0;0;0;0;0;Unspecified;Unspecified;;;;3461154;PASSENGER VEHICLE;PASSENGER VEHICLE;;;;2016-06-04 00:08:00;40.8264277 -73.9504508;1
8452;BROOKLYN;11218;40.647681799999994;-73.9675458;(40.6476818, -73.9675458);church avenue;argyle road;                                        ;1;0;0;0;1;0;0;0;Unspecified;Unspecified;;;;3465939;BICYCLE;;;;;2016-06-20 09:59:00;40.6476818 -73.9675458;1
11493;MANHATTAN;10002;40.719203799999995;-73.9903644;(40.7192038, -73.9903644);delancey street;allen street;                                        ;0;0;0;0;0;0;0;0;Unspecified;Unspecified;;;;3461841;PASSENGER VEHICLE;AMBULANCE;;;;2016-06-15 17:50:00;40.7192038 -73.9903644;1
920;QUEENS;11104;40.738600299999995;-73.92724100000001;(40.7386003, -73.927241);39th street;greenpoint avenue;                                        ;0;0;0;0;0;0;0;0;Unspecified;Unspecified;Unspecified;;;3472820;PASSENGER VEHICLE;PASSENGER VEHICLE;PASSENGER VEHICLE;;;2016-06-30 12:55:00;40.7386003 -73.927241;1
8830;QUEENS;11422;40.6643565;-73.7345263;(40.6643565, -73.7345263);246th street;francis lewis boulevard;                                        ;0;0;0;0;0;0;0;0;Unspecified;Unspecified;;;;3465278;PASSENGER VEHICLE;PASSENGER VEHICLE;;;;2016-06-19 20:30:00;40.6643565 -73.7345263;1
19726;QUEENS;11413;40.6654783;-73.74878890000001;(40.6654783, -73.7487889);south conduit avenue;edgewood avenue;                                        ;0;0;0;0;0;0;0;0;Unspecified;Unspecified;;;;3453921;PASSENGER VEHICLE;PASSENGER VEHICLE;;;;2016-06-01 15:00:00;40.6654783 -73.7487889;1
1445;QUEENS;11001;40.73056679999999;-73.70870620000001;(40.7305668, -73.7087062);;;87-15 257 STREET                        ;0;0;0;0;0;0;0;0;Unspecified;Unspecified;;;;3472437;PASSENGER VEHICLE;PASSENGER VEHICLE;;;;2016-06-30 08:00:00;40.7305668 -73.7087062;1
9360;QUEENS;11435;40.6982167;-73.8063313;(40.6982167, -73.8063313);;;95-33 SUTPHIN BOULEVARD                 ;0;0;0;0;0;0;0;0;Unspecified;Unspecified;;;;3463821;PASSENGER VEHICLE;PASSENGER VEHICLE;;;;2016-06-18 17:50:00;40.6982167 -73.8063313;1
8395;MANHATTAN;10018;40.7595273;-73.99924200000001;(40.7595273, -73.999242);west 40th street;11th avenue;                                        ;0;0;0;0;0;0;0;0;Unspecified;Unspecified;;;;3465544;PASSENGER VEHICLE;SMALL COM VEH(4 TIRES) ;;;;2016-06-20 08:30:00;40.7595273 -73.999242;1
16645;BROOKLYN;11207;40.6704819;-73.896519;(40.6704819, -73.896519);belmont avenue;sheffield avenue;                                        ;3;0;0;0;0;0;3;0;Unspecified;Unspecified;;;;3457874;PASSENGER VEHICLE;PASSENGER VEHICLE;;;;2016-06-06 17:25:00;40.6704819 -73.896519;1
11263;QUEENS;11427;40.7298096;-73.7446821;(40.7298096, -73.7446821);hillside avenue;springfield boulevard;                                        ;0;0;0;0;0;0;0;0;Unspecified;Unspecified;;;;3462334;PASSENGER VEHICLE;PASSENGER VEHICLE;;;;2016-06-15 13:30:00;40.7298096 -73.7446821;1
13284;BROOKLYN;11203;40.6499885;-73.93214499999999;(40.6499885, -73.932145);snyder avenue;east 48th street;                                        ;0;0;0;0;0;0;0;0;Unspecified;Unspecified;;;;3474962;PASSENGER VEHICLE;PASSENGER VEHICLE;;;;2016-06-11 15:00:00;40.6499885 -73.932145;1
15130;BRONX;10462;40.833573;-73.84991240000001;(40.833573, -73.8499124);;;2247 NEWBOLD AVENUE                     ;0;0;0;0;0;0;0;0;Unspecified;Unspecified;;;;3460359;PASSENGER VEHICLE;OTHER;;;;2016-06-08 15:30:00;40.833573 -73.8499124;1
6279;MANHATTAN;10007;40.7125314;-74.0076652;(40.7125314, -74.0076652);broadway;park place;                                        ;1;0;1;0;0;0;0;0;Unspecified;;;;;3469447;PASSENGER VEHICLE;;;;;2016-06-23 09:31:00;40.7125314 -74.0076652;1
17550;STATEN ISLAND;10305;40.601384700000004;-74.0792212;(40.6013847, -74.0792212);west fingerboard road;allendale road;                                        ;0;0;0;0;0;0;0;0;Unspecified;Unspecified;Unspecified;;;3455628;PASSENGER VEHICLE;PASSENGER VEHICLE;PASSENGER VEHICLE;;;2016-06-04 11:43:00;40.6013847 -74.0792212;1
9794;QUEENS;11364;40.7441752;-73.77614679999999;(40.7441752, -73.7761468);;;58-50 FRANCIS LEWIS BOULEVARD           ;0;0;0;0;0;0;0;0;Unspecified;Unspecified;;;;3463433;PASSENGER VEHICLE;PASSENGER VEHICLE;;;;2016-06-17 11:30:00;40.7441752 -73.7761468;1
10706;BRONX;10474;40.8105994;-73.8883393;(40.8105994, -73.8883393);;;531 BARRETTO STREET                     ;0;0;0;0;0;0;0;0;Unspecified;Unspecified;;;;3462701;SMALL COM VEH(4 TIRES) ;PASSENGER VEHICLE;;;;2016-06-16 16:00:00;40.8105994 -73.8883393;1
11620;QUEENS;11416;40.6864963;-73.8381571;(40.6864963, -73.8381571);105th street;101st avenue;                                        ;0;0;0;0;0;0;0;0;Unspecified;Unspecified;;;;3462999;PASSENGER VEHICLE;PASSENGER VEHICLE;;;;2016-06-15 20:45:00;40.6864963 -73.8381571;1
17415;BRONX;10474;40.8122164;-73.88588370000001;(40.8122164, -73.8858837);faile street;randall avenue;                                        ;0;0;0;0;0;0;0;0;Unspecified;Unspecified;Unspecified;;;3456815;PASSENGER VEHICLE;PASSENGER VEHICLE;PASSENGER VEHICLE;;;2016-06-05 03:48:00;40.8122164 -73.8858837;1
9763;BROOKLYN;11210;40.6321467;-73.9527315;(40.6321467, -73.9527315);campus road;bedford avenue;                                        ;1;0;0;0;0;0;1;0;Unspecified;Unspecified;;;;3463727;PASSENGER VEHICLE;PASSENGER VEHICLE;;;;2016-06-17 10:40:00;40.6321467 -73.9527315;1
9286;MANHATTAN;10029;40.792245799999996;-73.9462797;(40.7922458, -73.9462797);lexington avenue;east 106th street;                                        ;0;0;0;0;0;0;0;0;Unspecified;Unspecified;;;;3464995;PASSENGER VEHICLE;PASSENGER VEHICLE;;;;2016-06-18 16:05:00;40.7922458 -73.9462797;1
16117;BRONX;10467;40.8795936;-73.8779607;(40.8795936, -73.8779607);;;3400 WAYNE AVENUE                       ;0;0;0;0;0;0;0;0;Unspecified;Unspecified;;;;3457761;PASSENGER VEHICLE;PASSENGER VEHICLE;;;;2016-06-07 05:24:00;40.8795936 -73.8779607;1
1871;MANHATTAN;10033;40.850322600000005;-73.93301059999999;(40.8503226, -73.9330106);;;1455 SAINT NICHOLAS AVENUE              ;0;0;0;0;0;0;0;0;Unspecified;Unspecified;;;;3471274;PASSENGER VEHICLE;PASSENGER VEHICLE;;;;2016-06-29 17:10:00;40.8503226 -73.9330106;1
10450;MANHATTAN;10040;40.857982299999996;-73.92723690000001;(40.8579823, -73.9272369);;;17 FORT GEORGE HILL                     ;0;0;0;0;0;0;0;0;Unspecified;Unspecified;;;;3462699;PASSENGER VEHICLE;PASSENGER VEHICLE;;;;2016-06-17 09:55:00;40.8579823 -73.9272369;1
6442;MANHATTAN;10013;40.7180184;-73.9999567;(40.7180184, -73.9999567);centre street;canal street;                                        ;0;0;0;0;0;0;0;0;Unspecified;Unspecified;;;;3466436;OTHER;PASSENGER VEHICLE;;;;2016-06-22 13:05:00;40.7180184 -73.9999567;1
14655;QUEENS;11372;40.7497446;-73.8843088;(40.7497446, -73.8843088);37th avenue;82nd street;                                        ;1;0;1;0;0;0;0;0;Unspecified;;;;;3459645;PASSENGER VEHICLE;;;;;2016-06-09 19:30:00;40.7497446 -73.8843088;1
5682;MANHATTAN;10004;40.7024083;-74.012825;(40.7024083, -74.012825);whitehall street;state street;                                        ;0;0;0;0;0;0;0;0;Unspecified;Unspecified;;;;3468488;PASSENGER VEHICLE;PASSENGER VEHICLE;;;;2016-06-23 00:45:00;40.7024083 -74.012825;1
3582;BROOKLYN;11210;40.6219935;-73.94596999999999;(40.6219935, -73.94597);nostrand avenue;avenue l;                                        ;0;0;0;0;0;0;0;0;Unspecified;Unspecified;;;;3470626;PASSENGER VEHICLE;PASSENGER VEHICLE;;;;2016-06-27 09:49:00;40.6219935 -73.94597;1
2156;BROOKLYN;11207;40.66665029999999;-73.8878449;(40.6666503, -73.8878449);;;608 HENDRIX STREET                      ;0;0;0;0;0;0;0;0;Unspecified;Unspecified;;;;3471553;PASSENGER VEHICLE;PASSENGER VEHICLE;;;;2016-06-29 08:30:00;40.6666503 -73.8878449;1
15213;MANHATTAN;10013;40.7151749;-73.9987483;(40.7151749, -73.9987483);;;42 MOTT STREET                          ;0;0;0;0;0;0;0;0;Unspecified;Unspecified;;;;3458246;PASSENGER VEHICLE;PASSENGER VEHICLE;;;;2016-06-08 17:05:00;40.7151749 -73.9987483;1
19551;MANHATTAN;10013;40.7258408;-74.00755840000001;(40.7258408, -74.0075584);hudson street;spring street;                                        ;0;0;0;0;0;0;0;0;Unspecified;Unspecified;;;;3452824;PASSENGER VEHICLE;PASSENGER VEHICLE;;;;2016-06-01 11:10:00;40.7258408 -74.0075584;1
2062;BROOKLYN;11230;40.633111;-73.9721609;(40.633111, -73.9721609);18th avenue;ocean parkway;                                        ;0;0;0;0;0;0;0;0;Unspecified;Unspecified;;;;3471501;PASSENGER VEHICLE;PASSENGER VEHICLE;;;;2016-06-29 21:58:00;40.633111 -73.9721609;1
3474;BRONX;10462;40.8419898;-73.8576205;(40.8419898, -73.8576205);;;2155 EAST TREMONT AVENUE                ;0;0;0;0;0;0;0;0;Unspecified;Unspecified;;;;3469688;PASSENGER VEHICLE;PASSENGER VEHICLE;;;;2016-06-27 06:15:00;40.8419898 -73.8576205;1
14071;STATEN ISLAND;10308;40.560199100000006;-74.1644053;(40.5601991, -74.1644053);;;698 ARTHUR KILL ROAD                    ;0;0;0;0;0;0;0;0;Unspecified;Unspecified;;;;3460047;PASSENGER VEHICLE;PASSENGER VEHICLE;;;;2016-06-10 23:00:00;40.5601991 -74.1644053;1
838;BROOKLYN;11249;40.707215600000005;-73.966139;(40.7072156, -73.966139);;;71 DIVISION AVENUE                      ;0;0;0;0;0;0;0;0;Unspecified;Unspecified;;;;3472388;PASSENGER VEHICLE;PASSENGER VEHICLE;;;;2016-06-30 11:00:00;40.7072156 -73.966139;1
17097;BRONX;10468;40.8625834;-73.9093182;(40.8625834, -73.9093182);;;202 WEST FORDHAM ROAD                   ;1;0;1;0;0;0;0;0;Unspecified;;;;;3456889;PASSENGER VEHICLE;;;;;2016-06-05 12:15:00;40.8625834 -73.9093182;1
16447;BRONX;10467;40.8790546;-73.8743853;(40.8790546, -73.8743853);east gun hill road;perry avenue;                                        ;0;0;0;0;0;0;0;0;Unspecified;Unspecified;;;;3457758;PASSENGER VEHICLE;PASSENGER VEHICLE;;;;2016-06-06 13:45:00;40.8790546 -73.8743853;1
14967;MANHATTAN;10031;40.8256331;-73.94732590000001;(40.8256331, -73.9473259);;;1730 AMSTERDAM AVENUE                   ;2;0;2;0;0;0;0;0;Unspecified;;;;;3459107;PASSENGER VEHICLE;;;;;2016-06-08 12:20:00;40.8256331 -73.9473259;1
13543;BROOKLYN;11204;40.618232;-73.99483470000001;(40.618232, -73.9948347);bay ridge avenue;17th avenue;                                        ;0;0;0;0;0;0;0;0;Unspecified;Unspecified;;;;3465106;PASSENGER VEHICLE;PASSENGER VEHICLE;;;;2016-06-10 00:00:00;40.618232 -73.9948347;1
2815;MANHATTAN;10001;40.7499782;-73.99506269999999;(40.7499782, -73.9950627);;;410 8 AVENUE                            ;0;0;0;0;0;0;0;0;Unspecified;Unspecified;;;;3469521;PASSENGER VEHICLE;SMALL COM VEH(4 TIRES) ;;;;2016-06-28 08:15:00;40.7499782 -73.9950627;1
10378;QUEENS;11419;40.695854700000005;-73.81891309999999;(40.6958547, -73.8189131);atlantic avenue;130th street;                                        ;0;0;0;0;0;0;0;0;Unspecified;Unspecified;Unspecified;;;3463006;PASSENGER VEHICLE;PASSENGER VEHICLE;PASSENGER VEHICLE;;;2016-06-17 08:00:00;40.6958547 -73.8189131;1
2959;QUEENS;11101;40.7410282;-73.9343077;(40.7410282, -73.9343077);vandam street;48th avenue;                                        ;0;0;0;0;0;0;0;0;Unspecified;Unspecified;;;;3470059;PASSENGER VEHICLE;;;;;2016-06-27 11:30:00;40.7410282 -73.9343077;1
6747;MANHATTAN;10033;40.845440100000005;-73.9386792;(40.8454401, -73.9386792);west 174th street;broadway;                                        ;0;0;0;0;0;0;0;0;Unspecified;Unspecified;;;;3467183;PASSENGER VEHICLE;BICYCLE;;;;2016-06-22 18:30:00;40.8454401 -73.9386792;1
13289;MANHATTAN;10001;40.7531428;-74.0074063;(40.7531428, -74.0074063);12th avenue;west 28th street;                                        ;0;0;0;0;0;0;0;0;Unspecified;Unspecified;;;;3460100;PASSENGER VEHICLE;PASSENGER VEHICLE;;;;2016-06-11 15:20:00;40.7531428 -74.0074063;1
7900;BROOKLYN;11223;40.5965076;-73.9775054;(40.5965076, -73.9775054);avenue u;west 6th street;                                        ;0;0;0;0;0;0;0;0;Unspecified;Unspecified;;;;3467262;PASSENGER VEHICLE;PASSENGER VEHICLE;;;;2016-06-20 13:34:00;40.5965076 -73.9775054;1
6967;QUEENS;11415;40.7086744;-73.8307848;(40.7086744, -73.8307848);83rd avenue;grenfell street;                                        ;0;0;0;0;0;0;0;0;Unspecified;Unspecified;;;;3466115;PASSENGER VEHICLE;PASSENGER VEHICLE;;;;2016-06-22 08:00:00;40.7086744 -73.8307848;1
1584;BROOKLYN;11219;40.6311515;-74.0084556;(40.6311515, -74.0084556);64th street;fort hamilton parkway;                                        ;0;0;0;0;0;0;0;0;Unspecified;Unspecified;;;;3472216;PASSENGER VEHICLE;OTHER;;;;2016-06-29 11:00:00;40.6311515 -74.0084556;1
11077;BROOKLYN;11234;40.6251773;-73.91413659999999;(40.6251773, -73.9141366);;;1247 EAST 70 STREET                     ;0;0;0;0;0;0;0;0;Unspecified;Unspecified;;;;3464392;PASSENGER VEHICLE;PASSENGER VEHICLE;;;;2016-06-16 08:30:00;40.6251773 -73.9141366;1
3033;MANHATTAN;10019;40.764322899999996;-73.97719599999999;(40.7643229, -73.977196);west 57th street;avenue of the americas;                                        ;0;0;0;0;0;0;0;0;Unspecified;;;;;3470324;PASSENGER VEHICLE;;;;;2016-06-27 13:12:00;40.7643229 -73.977196;1
16824;QUEENS;11355;40.746204299999995;-73.8350671;(40.7462043, -73.8350671);college point boulevard;58th avenue;                                        ;0;0;0;0;0;0;0;0;Unspecified;Unspecified;;;;3457323;PASSENGER VEHICLE;PASSENGER VEHICLE;;;;2016-06-06 23:05:00;40.7462043 -73.8350671;1
3363;BRONX;10452;40.8392249;-73.91508909999999;(40.8392249, -73.9150891);east 170th street;wythe place;                                        ;0;0;0;0;0;0;0;0;Unspecified;Unspecified;;;;3469648;PASSENGER VEHICLE;PASSENGER VEHICLE;;;;2016-06-27 20:15:00;40.8392249 -73.9150891;1
10340;QUEENS;11420;40.6788099;-73.8261845;(40.6788099, -73.8261845);;;111-41 113 STREET                       ;0;0;0;0;0;0;0;0;Unspecified;Unspecified;;;;3463338;PASSENGER VEHICLE;PASSENGER VEHICLE;;;;2016-06-17 06:00:00;40.6788099 -73.8261845;1
17914;BRONX;10460;40.83752020000001;-73.8807194;(40.8375202, -73.8807194);cross bronx expressway;sheridan expressway;                                        ;0;0;0;0;0;0;0;0;Unspecified;Unspecified;;;;3455942;PASSENGER VEHICLE;PASSENGER VEHICLE;;;;2016-06-04 20:45:00;40.8375202 -73.8807194;1
3279;MANHATTAN;10019;40.7598419;-73.98417509999999;(40.7598419, -73.9841751);west 48th street;7th avenue;                                        ;0;0;0;0;0;0;0;0;Unspecified;Unspecified;;;;3470326;PASSENGER VEHICLE;;;;;2016-06-27 18:00:00;40.7598419 -73.9841751;1
14755;MANHATTAN;10035;40.8013417;-73.9459689;(40.8013417, -73.9459689);5th avenue;east 117th street;                                        ;0;0;0;0;0;0;0;0;Unspecified;Unspecified;;;;3459089;PASSENGER VEHICLE;OTHER;;;;2016-06-09 06:40:00;40.8013417 -73.9459689;1
1771;MANHATTAN;10019;40.764799100000005;-73.9862099;(40.7647991, -73.9862099);;;353 WEST 53 STREET                      ;0;0;0;0;0;0;0;0;Unspecified;Unspecified;;;;3471953;VAN;PASSENGER VEHICLE;;;;2016-06-29 15:25:00;40.7647991 -73.9862099;1
10381;BROOKLYN;11206;40.6995226;-73.9522473;(40.6995226, -73.9522473);;;534 FLUSHING AVENUE                     ;1;0;1;0;0;0;0;0;Unspecified;;;;;3465188;PASSENGER VEHICLE;;;;;2016-06-17 08:00:00;40.6995226 -73.9522473;1
6685;BRONX;10456;40.830625700000006;-73.9045052;(40.8306257, -73.9045052);east 168th street;fulton avenue;                                        ;0;0;0;0;0;0;0;0;Unspecified;Unspecified;;;;3466616;PASSENGER VEHICLE;PASSENGER VEHICLE;;;;2016-06-22 17:30:00;40.8306257 -73.9045052;1
11502;BRONX;10451;40.8263977;-73.9211541;(40.8263977, -73.9211541);east 161st street;sheridan avenue;                                        ;0;0;0;0;0;0;0;0;Unspecified;Unspecified;;;;3462003;PASSENGER VEHICLE;PASSENGER VEHICLE;;;;2016-06-15 18:00:00;40.8263977 -73.9211541;1
17116;BROOKLYN;11216;40.6770266;-73.952678;(40.6770266, -73.952678);bedford avenue;rogers avenue;                                        ;0;0;0;0;0;0;0;0;Unspecified;Unspecified;;;;3456307;PASSENGER VEHICLE;PASSENGER VEHICLE;;;;2016-06-05 13:00:00;40.6770266 -73.952678;1
12036;BRONX;10469;40.8644551;-73.83481359999999;(40.8644551, -73.8348136);;;1750 EAST GUN HILL ROAD                 ;0;0;0;0;0;0;0;0;Unspecified;Unspecified;;;;3462039;PASSENGER VEHICLE;PASSENGER VEHICLE;;;;2016-06-14 22:53:00;40.8644551 -73.8348136;1
7635;BROOKLYN;11229;40.604028799999995;-73.952294;(40.6040288, -73.952294);ocean avenue;avenue s;                                        ;0;0;0;0;0;0;0;0;Unspecified;Unspecified;;;;3467269;PASSENGER VEHICLE;PASSENGER VEHICLE;;;;2016-06-21 07:40:00;40.6040288 -73.952294;1
10929;BRONX;10459;40.821278799999995;-73.896877;(40.8212788, -73.896877);;;944 INTERVALE AVENUE                    ;1;0;1;0;0;0;0;0;Unspecified;;;;;3466594;PASSENGER VEHICLE;;;;;2016-06-16 21:09:00;40.8212788 -73.896877;1
14688;BRONX;10451;40.82684879999999;-73.92267840000001;(40.8268488, -73.9226784);east 161st street;grand concourse;                                        ;0;0;0;0;0;0;0;0;Unspecified;Unspecified;;;;3459149;PASSENGER VEHICLE;PASSENGER VEHICLE;;;;2016-06-09 21:05:00;40.8268488 -73.9226784;1
11191;MANHATTAN;10001;40.75338729999999;-73.99630400000001;(40.7533873, -73.996304);9th avenue;west 34th street;                                        ;0;0;0;0;0;0;0;0;Unspecified;Unspecified;;;;3463536;PASSENGER VEHICLE;VAN;;;;2016-06-15 11:17:00;40.7533873 -73.996304;1
2642;STATEN ISLAND;10306;40.5608278;-74.13480909999998;(40.5608278, -74.1348091);amboy road;montreal avenue;                                        ;0;0;0;0;0;0;0;0;Unspecified;Unspecified;;;;3472625;PASSENGER VEHICLE;PASSENGER VEHICLE;;;;2016-06-28 19:50:00;40.5608278 -74.1348091;1
9602;MANHATTAN;10019;40.7610362;-73.9870157;(40.7610362, -73.9870157);west 48th street;8th avenue;                                        ;0;0;0;0;0;0;0;0;Unspecified;Unspecified;;;;3465591;PASSENGER VEHICLE;PASSENGER VEHICLE;;;;2016-06-18 03:35:00;40.7610362 -73.9870157;1
4742;QUEENS;11436;40.6856092;-73.7963478;(40.6856092, -73.7963478);linden boulevard;147th street;                                        ;0;0;0;0;0;0;0;0;Unspecified;Unspecified;;;;3467893;PASSENGER VEHICLE;PASSENGER VEHICLE;;;;2016-06-25 02:55:00;40.6856092 -73.7963478;1
12895;BROOKLYN;11201;40.6903454;-73.9920525;(40.6903454, -73.9920525);state street;court street;                                        ;0;0;0;0;0;0;0;0;Unspecified;Unspecified;;;;3460698;PASSENGER VEHICLE;OTHER;;;;2016-06-12 18:30:00;40.6903454 -73.9920525;1
7767;QUEENS;11422;40.6652573;-73.7395512;(40.6652573, -73.7395512);south conduit avenue;brookville boulevard;                                        ;0;0;0;0;0;0;0;0;Unspecified;Unspecified;;;;3464712;PASSENGER VEHICLE;PASSENGER VEHICLE;;;;2016-06-20 10:30:00;40.6652573 -73.7395512;1
8150;BROOKLYN;11220;40.6326333;-74.0125342;(40.6326333, -74.0125342);65th street;8th avenue;                                        ;0;0;0;0;0;0;0;0;Unspecified;Unspecified;;;;3467319;PASSENGER VEHICLE;PASSENGER VEHICLE;;;;2016-06-20 18:15:00;40.6326333 -74.0125342;1
4530;QUEENS;11422;40.6634321;-73.7407874;(40.6634321, -73.7407874);brookville boulevard;143rd avenue;                                        ;0;0;0;0;0;0;0;0;Unspecified;Unspecified;;;;3468323;PASSENGER VEHICLE;PASSENGER VEHICLE;;;;2016-06-25 17:31:00;40.6634321 -73.7407874;1
10344;BROOKLYN;11249;40.6999021;-73.9616707;(40.6999021, -73.9616707);kent avenue;williamsburg street east;                                        ;1;0;0;0;0;0;1;0;Unspecified;Unspecified;;;;3462983;PASSENGER VEHICLE;PASSENGER VEHICLE;;;;2016-06-17 06:10:00;40.6999021 -73.9616707;1
19742;STATEN ISLAND;10306;40.57216270000001;-74.098077;(40.5721627, -74.098077);greeley avenue;kiswick street;                                        ;4;0;0;0;0;0;4;0;Unspecified;Unspecified;;;;3454270;PASSENGER VEHICLE;PASSENGER VEHICLE;;;;2016-06-01 15:10:00;40.5721627 -74.098077;1
15739;BROOKLYN;11230;40.6322943;-73.966775;(40.6322943, -73.966775);foster avenue;coney island avenue;                                        ;0;0;0;0;0;0;0;0;Unspecified;Unspecified;;;;3457822;PASSENGER VEHICLE;PASSENGER VEHICLE;;;;2016-06-07 13:45:00;40.6322943 -73.966775;1
15747;BROOKLYN;11211;40.717842499999996;-73.943212;(40.7178425, -73.943212);;;458 HUMBOLDT STREET                     ;0;0;0;0;0;0;0;0;Unspecified;Unspecified;;;;3457958;PASSENGER VEHICLE;PASSENGER VEHICLE;;;;2016-06-07 14:00:00;40.7178425 -73.943212;1
17868;BROOKLYN;11230;40.6149935;-73.9652853;(40.6149935, -73.9652853);east 9th street;avenue n;                                        ;0;0;0;0;0;0;0;0;Unspecified;Unspecified;;;;3456152;PASSENGER VEHICLE;;;;;2016-06-04 19:35:00;40.6149935 -73.9652853;1
19584;BRONX;10451;40.827511799999996;-73.9249432;(40.8275118, -73.9249432);east 161st street;gerard avenue;                                        ;0;0;0;0;0;0;0;0;Unspecified;Unspecified;;;;3453201;PASSENGER VEHICLE;PASSENGER VEHICLE;;;;2016-06-01 12:00:00;40.8275118 -73.9249432;1
15940;MANHATTAN;10029;40.7960032;-73.93540920000001;(40.7960032, -73.9354092);1st avenue;east 116th street;                                        ;0;0;0;0;0;0;0;0;Unspecified;Unspecified;;;;3457604;PASSENGER VEHICLE;PASSENGER VEHICLE;;;;2016-06-07 17:48:00;40.7960032 -73.9354092;1
15888;BROOKLYN;11206;40.7045659;-73.9486658;(40.7045659, -73.9486658);broadway;middleton street;                                        ;0;0;0;0;0;0;0;0;Unspecified;Unspecified;;;;3458677;PASSENGER VEHICLE;PASSENGER VEHICLE;;;;2016-06-07 17:00:00;40.7045659 -73.9486658;1
3749;BRONX;10474;40.8196281;-73.88688259999999;(40.8196281, -73.8868826);;;887 BRYANT AVENUE                       ;0;0;0;0;0;0;0;0;Unspecified;Unspecified;;;;3470451;PASSENGER VEHICLE;PASSENGER VEHICLE;;;;2016-06-26 14:25:00;40.8196281 -73.8868826;1
13689;STATEN ISLAND;10306;40.5728312;-74.11419690000001;(40.5728312, -74.1141969);;;200 NEW DORP LANE                       ;0;0;0;0;0;0;0;0;Unspecified;Unspecified;;;;3460052;PASSENGER VEHICLE;PASSENGER VEHICLE;;;;2016-06-10 13:28:00;40.5728312 -74.1141969;1
5838;QUEENS;11413;40.672427899999995;-73.756362;(40.6724279, -73.756362);springfield boulevard;140th avenue;                                        ;0;0;0;0;0;0;0;0;Unspecified;Unspecified;;;;3466957;PASSENGER VEHICLE;PASSENGER VEHICLE;;;;2016-06-23 14:20:00;40.6724279 -73.756362;1
16799;BROOKLYN;11219;40.641727200000005;-73.99264570000001;(40.6417272, -73.9926457);fort hamilton parkway;42nd street;                                        ;0;0;0;0;0;0;0;0;Unspecified;Unspecified;;;;3456961;PASSENGER VEHICLE;BICYCLE;;;;2016-06-06 22:00:00;40.6417272 -73.9926457;1
12224;BROOKLYN;11215;40.67740560000001;-73.98304820000001;(40.6774056, -73.9830482);4th avenue;union street;                                        ;2;0;0;0;0;0;2;0;Unspecified;Unspecified;;;;3461429;PASSENGER VEHICLE;PASSENGER VEHICLE;;;;2016-06-13 12:45:00;40.6774056 -73.9830482;1
12631;QUEENS;11422;40.6634321;-73.7407874;(40.6634321, -73.7407874);brookville boulevard;143rd avenue;                                        ;0;0;0;0;0;0;0;0;Unspecified;Unspecified;;;;3461556;PASSENGER VEHICLE;PASSENGER VEHICLE;;;;2016-06-13 09:25:00;40.6634321 -73.7407874;1
7866;QUEENS;11417;40.6804682;-73.8436916;(40.6804682, -73.8436916);;;94-37 LIBERTY AVENUE                    ;0;0;0;0;0;0;0;0;Unspecified;Unspecified;;;;3465298;PASSENGER VEHICLE;PASSENGER VEHICLE;;;;2016-06-20 12:50:00;40.6804682 -73.8436916;1
12023;BROOKLYN;11215;40.6717764;-73.9709335;(40.6717764, -73.9709335);;;8 PROSPECT PARK WEST                    ;0;0;0;0;0;0;0;0;Unspecified;Unspecified;;;;3462217;PASSENGER VEHICLE;PICK-UP TRUCK;;;;2016-06-14 21:15:00;40.6717764 -73.9709335;1
5030;QUEENS;11365;40.739942299999996;-73.7889753;(40.7399423, -73.7889753);;;185-22 HORACE HARDING EXPRESSWAY        ;0;0;0;0;0;0;0;0;Unspecified;Unspecified;;;;3467853;PASSENGER VEHICLE;PASSENGER VEHICLE;;;;2016-06-24 13:32:00;40.7399423 -73.7889753;1
17722;BROOKLYN;11217;40.680980700000006;-73.9756958;(40.6809807, -73.9756958);;;463 BERGEN STREET                       ;0;0;0;0;0;0;0;0;Unspecified;Unspecified;;;;3456337;PASSENGER VEHICLE;PASSENGER VEHICLE;;;;2016-06-04 16:00:00;40.6809807 -73.9756958;1
19095;BROOKLYN;11204;40.6137964;-73.9966395;(40.6137964, -73.9966395);;;1781 BAY RIDGE PARKWAY                  ;0;0;0;0;0;0;0;0;Unspecified;Unspecified;;;;3454978;PASSENGER VEHICLE;PASSENGER VEHICLE;;;;2016-06-02 16:45:00;40.6137964 -73.9966395;1
19088;QUEENS;11364;40.7362694;-73.7728608;(40.7362694, -73.7728608);73rd avenue;francis lewis boulevard;                                        ;0;0;0;0;0;0;0;0;Unspecified;Unspecified;;;;3454740;PASSENGER VEHICLE;PASSENGER VEHICLE;;;;2016-06-02 16:30:00;40.7362694 -73.7728608;1
8410;BRONX;10459;40.822118700000004;-73.8968793;(40.8221187, -73.8968793);westchester avenue;intervale avenue;                                        ;1;0;1;0;0;0;0;0;Unspecified;;;;;3466613;PASSENGER VEHICLE;;;;;2016-06-20 08:48:00;40.8221187 -73.8968793;1
9868;BRONX;10473;40.819470700000004;-73.8702814;(40.8194707, -73.8702814);;;762 METCALF AVENUE                      ;0;0;0;0;0;0;0;0;Unspecified;Unspecified;;;;3464209;PASSENGER VEHICLE;PASSENGER VEHICLE;;;;2016-06-17 13:20:00;40.8194707 -73.8702814;1
13380;QUEENS;11106;40.7581766;-73.924054;(40.7581766, -73.924054);35th street;34th avenue;                                        ;0;0;0;0;0;0;0;0;Unspecified;Unspecified;;;;3460959;PASSENGER VEHICLE;PASSENGER VEHICLE;;;;2016-06-11 19:11:00;40.7581766 -73.924054;1
17209;QUEENS;11418;40.7014005;-73.81630859999999;(40.7014005, -73.8163086);van wyck expressway;89th avenue;                                        ;2;0;0;0;0;0;2;0;Unspecified;Unspecified;Unspecified;;;3456451;PASSENGER VEHICLE;PASSENGER VEHICLE;PASSENGER VEHICLE;;;2016-06-05 15:40:00;40.7014005 -73.8163086;1
12150;BROOKLYN;11238;40.677044;-73.9723697;(40.677044, -73.9723697);;;318 FLATBUSH AVENUE                     ;1;0;0;0;0;0;1;0;Unspecified;Unspecified;;;;3461423;PASSENGER VEHICLE;MOTORCYCLE;;;;2016-06-13 00:40:00;40.677044 -73.9723697;1
9343;BROOKLYN;11217;40.6815201;-73.9832635;(40.6815201, -73.9832635);baltic street;3rd avenue;                                        ;0;0;0;0;0;0;0;0;Unspecified;Unspecified;;;;3464583;PASSENGER VEHICLE;;;;;2016-06-18 17:30:00;40.6815201 -73.9832635;1
5621;BROOKLYN;11209;40.626960499999996;-74.03551350000001;(40.6269605, -74.0355135);83rd street;colonial road;                                        ;0;0;0;0;0;0;0;0;Unspecified;Unspecified;;;;3467337;PASSENGER VEHICLE;;;;;2016-06-24 08:55:00;40.6269605 -74.0355135;1
6789;QUEENS;11377;40.7459125;-73.89533359999999;(40.7459125, -73.8953336);;;40-20 70 STREET                         ;0;0;0;0;0;0;0;0;Unspecified;Unspecified;Unspecified;;;3466995;PASSENGER VEHICLE;PASSENGER VEHICLE;PASSENGER VEHICLE;;;2016-06-22 19:14:00;40.7459125 -73.8953336;1
9616;BRONX;10456;40.8240665;-73.9087095;(40.8240665, -73.9087095);east 163rd street;3rd avenue;                                        ;0;0;0;0;0;0;0;0;Unspecified;Unspecified;;;;3463614;PASSENGER VEHICLE;;;;;2016-06-18 05:20:00;40.8240665 -73.9087095;1
9412;QUEENS;11436;40.682852600000004;-73.7990099;(40.6828526, -73.7990099);144th street;115th avenue;                                        ;1;0;0;0;0;0;1;0;Unspecified;;;;;3464805;MOTORCYCLE;;;;;2016-06-18 18:55:00;40.6828526 -73.7990099;1
8421;QUEENS;11360;40.77643629999999;-73.77018199999999;(40.7764363, -73.770182);;;29-01 216 STREET                        ;0;0;0;0;0;0;0;0;Unspecified;Unspecified;;;;3464787;VAN;;;;;2016-06-20 09:00:00;40.7764363 -73.770182;1
7262;QUEENS;11372;40.7541222;-73.8813163;(40.7541222, -73.8813163);34th avenue;86th street;                                        ;0;0;0;0;0;0;0;0;Unspecified;Unspecified;;;;3466337;PASSENGER VEHICLE;PASSENGER VEHICLE;;;;2016-06-21 14:45:00;40.7541222 -73.8813163;1
2698;QUEENS;11103;40.7651741;-73.913938;(40.7651741, -73.913938);;;28-65 STEINWAY STREET                   ;0;0;0;0;0;0;0;0;Unspecified;Unspecified;;;;3471042;PASSENGER VEHICLE;PASSENGER VEHICLE;;;;2016-06-28 21:40:00;40.7651741 -73.913938;1
16623;QUEENS;11106;40.7671957;-73.93758509999999;(40.7671957, -73.9375851);;;32-50 VERNON BLVD                       ;0;0;0;0;0;0;0;0;Unspecified;Unspecified;;;;3457393;PASSENGER VEHICLE;PASSENGER VEHICLE;;;;2016-06-06 17:00:00;40.7671957 -73.9375851;1
12599;BROOKLYN;11203;40.65527470000001;-73.931772;(40.6552747, -73.931772);east 49th street;lenox road;                                        ;0;0;0;0;0;0;0;0;Unspecified;Unspecified;;;;3484571;PASSENGER VEHICLE;PASSENGER VEHICLE;;;;2016-06-13 08:34:00;40.6552747 -73.931772;1
7434;BROOKLYN;11212;40.672280799999996;-73.91088549999999;(40.6722808, -73.9108855);;;1539 EAST NEW YORK AVENUE               ;1;0;0;0;0;0;1;0;Unspecified;Unspecified;;;;3472276;MOTORCYCLE;PASSENGER VEHICLE;;;;2016-06-21 17:59:00;40.6722808 -73.9108855;1
13247;BROOKLYN;11216;40.6898825;-73.95121929999999;(40.6898825, -73.9512193);;;588 LAFAYETTE AVENUE                    ;0;0;0;0;0;0;0;0;Unspecified;Unspecified;;;;3461452;PASSENGER VEHICLE;PASSENGER VEHICLE;;;;2016-06-11 13:50:00;40.6898825 -73.9512193;1
7827;QUEENS;11369;40.758404299999995;-73.87898759999999;(40.7584043, -73.8789876);;;89-19 32 AVENUE                         ;0;0;0;0;0;0;0;0;Unspecified;Unspecified;;;;3465433;PASSENGER VEHICLE;OTHER;;;;2016-06-20 11:50:00;40.7584043 -73.8789876;1
19302;QUEENS;11435;40.70420120000001;-73.8152441;(40.7042012, -73.8152441);hillside avenue;queens boulevard;                                        ;0;0;0;0;0;0;0;0;Unspecified;Unspecified;;;;3454746;PASSENGER VEHICLE;PASSENGER VEHICLE;;;;2016-06-02 22:00:00;40.7042012 -73.8152441;1
16975;BROOKLYN;11212;40.6569174;-73.91328840000001;(40.6569174, -73.9132884);;;2323 STRAUSS STREET                     ;0;0;0;0;0;0;0;0;Unspecified;Unspecified;;;;3456215;PASSENGER VEHICLE;PASSENGER VEHICLE;;;;2016-06-06 09:15:00;40.6569174 -73.9132884;1
15111;MANHATTAN;10038;40.711406200000006;-74.0055729;(40.7114062, -74.0055729);;;8 SPRUCE STREET                         ;0;0;0;0;0;0;0;0;Unspecified;Unspecified;;;;3460063;;;;;;2016-06-08 15:05:00;40.7114062 -74.0055729;1
15970;MANHATTAN;10023;40.7775329;-73.9749962;(40.7775329, -73.9749962);central park west;west 74th street;                                        ;0;0;0;0;0;0;0;0;Unspecified;Unspecified;;;;3457556;PASSENGER VEHICLE;PASSENGER VEHICLE;;;;2016-06-07 18:30:00;40.7775329 -73.9749962;1
3402;QUEENS;11358;40.7646953;-73.79395799999999;(40.7646953, -73.793958);172nd street;35th avenue;                                        ;0;0;0;0;0;0;0;0;Unspecified;Unspecified;;;;3470093;PASSENGER VEHICLE;PASSENGER VEHICLE;;;;2016-06-27 21:45:00;40.7646953 -73.793958;1
4935;MANHATTAN;10007;40.7155203;-74.00923829999999;(40.7155203, -74.0092383);chambers street;west broadway;                                        ;0;0;0;0;0;0;0;0;Unspecified;Unspecified;;;;3468487;PASSENGER VEHICLE;PASSENGER VEHICLE;;;;2016-06-24 11:10:00;40.7155203 -74.0092383;1
6341;MANHATTAN;10026;40.8057259;-73.9544143;(40.8057259, -73.9544143);8th avenue;west 118th street;                                        ;0;0;0;0;0;0;0;0;Unspecified;Unspecified;;;;3468680;PASSENGER VEHICLE;PASSENGER VEHICLE;;;;2016-06-22 10:15:00;40.8057259 -73.9544143;1
17408;QUEENS;11373;40.7334973;-73.8703694;(40.7334973, -73.8703694);woodhaven boulevard;queens boulevard;                                        ;0;0;0;0;0;0;0;0;Unspecified;Unspecified;;;;3456575;PASSENGER VEHICLE;PASSENGER VEHICLE;;;;2016-06-05 02:45:00;40.7334973 -73.8703694;1
9173;STATEN ISLAND;10304;40.608725799999995;-74.0883777;(40.6087258, -74.0883777);narrows road north;targee street;                                        ;0;0;0;0;0;0;0;0;Unspecified;Unspecified;;;;3464863;PASSENGER VEHICLE;PASSENGER VEHICLE;;;;2016-06-18 13:45:00;40.6087258 -74.0883777;1
6756;BRONX;10466;40.8922526;-73.8613974;(40.8922526, -73.8613974);carpenter avenue;east 230th street;                                        ;2;0;0;0;0;0;2;0;Unspecified;Unspecified;Unspecified;;;3470529;PASSENGER VEHICLE;PASSENGER VEHICLE;PASSENGER VEHICLE;;;2016-06-22 18:30:00;40.8922526 -73.8613974;1
6813;QUEENS;11377;40.7350859;-73.896913;(40.7350859, -73.896913);maurice avenue;68th street;                                        ;0;0;0;0;0;0;0;0;Unspecified;Unspecified;;;;3466990;PASSENGER VEHICLE;BICYCLE;;;;2016-06-22 01:00:00;40.7350859 -73.896913;1
8071;BROOKLYN;11203;40.6416581;-73.93703959999999;(40.6416581, -73.9370396);east 42nd street;avenue d;                                        ;0;0;0;0;0;0;0;0;Unspecified;Unspecified;;;;3470643;PASSENGER VEHICLE;PASSENGER VEHICLE;;;;2016-06-20 17:00:00;40.6416581 -73.9370396;1
18038;STATEN ISLAND;10304;40.5948814;-74.0980671;(40.5948814, -74.0980671);richmond road;sophia lane;                                        ;1;0;0;0;0;0;1;0;Unspecified;Unspecified;;;;3455223;PASSENGER VEHICLE;PASSENGER VEHICLE;;;;2016-06-04 04:46:00;40.5948814 -74.0980671;1
18054;BROOKLYN;11207;40.675735700000004;-73.89685329999999;(40.6757357, -73.8968533);pennsylvania avenue;atlantic avenue;                                        ;2;0;0;0;0;0;2;0;Unspecified;Unspecified;Unspecified;Unspecified;;3456235;OTHER;PASSENGER VEHICLE;PASSENGER VEHICLE;PASSENGER VEHICLE;;2016-06-04 06:10:00;40.6757357 -73.8968533;1
7846;BRONX;10460;40.83928;-73.8865998;(40.83928, -73.8865998);east 175th street;southern boulevard;                                        ;0;0;0;0;0;0;0;0;Unspecified;Unspecified;;;;3473063;PASSENGER VEHICLE;PASSENGER VEHICLE;;;;2016-06-20 12:30:00;40.83928 -73.8865998;1
9394;BRONX;10473;40.8259548;-73.8595554;(40.8259548, -73.8595554);bruckner expressway;white plains road;                                        ;0;0;0;0;0;0;0;0;Unspecified;Unspecified;;;;3464221;PASSENGER VEHICLE;PASSENGER VEHICLE;;;;2016-06-18 18:30:00;40.8259548 -73.8595554;1
4996;MANHATTAN;10012;40.724432799999995;-73.9934591;(40.7244328, -73.9934591);east houston street;elizabeth street;                                        ;1;0;0;0;0;0;1;0;Unspecified;Unspecified;;;;3469491;SMALL COM VEH(4 TIRES) ;PASSENGER VEHICLE;;;;2016-06-24 12:40:00;40.7244328 -73.9934591;1
17356;QUEENS;11434;40.6783648;-73.7794791;(40.6783648, -73.7794791);brewer boulevard;baisley boulevard;                                        ;0;0;0;0;0;0;0;0;Unspecified;Unspecified;;;;3456609;PASSENGER VEHICLE;PASSENGER VEHICLE;;;;2016-06-05 21:00:00;40.6783648 -73.7794791;1
15077;QUEENS;11361;40.756952000000005;-73.7705416;(40.756952, -73.7705416);211th street;46th road;                                        ;0;0;0;0;0;0;0;0;Unspecified;Unspecified;;;;3458864;PASSENGER VEHICLE;PASSENGER VEHICLE;;;;2016-06-08 14:45:00;40.756952 -73.7705416;1
4679;MANHATTAN;10002;40.7161106;-73.9929982;(40.7161106, -73.9929982);;;54 ELDRIDGE STREET                      ;0;0;0;0;0;0;0;0;Unspecified;Unspecified;;;;3468525;PASSENGER VEHICLE;PASSENGER VEHICLE;;;;2016-06-25 21:36:00;40.7161106 -73.9929982;1
10556;BROOKLYN;11217;40.6877731;-73.9870011;(40.6877731, -73.9870011);atlantic avenue;hoyt street;                                        ;0;0;0;0;0;0;0;0;Unspecified;Unspecified;;;;3462935;PASSENGER VEHICLE;;;;;2016-06-16 12:20:00;40.6877731 -73.9870011;1
1933;BROOKLYN;11223;40.591444200000005;-73.9817594;(40.5914442, -73.9817594);;;63 AVENUE W                             ;0;0;0;0;0;0;0;0;Unspecified;Unspecified;;;;3471393;PASSENGER VEHICLE;PASSENGER VEHICLE;;;;2016-06-29 18:30:00;40.5914442 -73.9817594;1
14187;BROOKLYN;11223;40.5935052;-73.97988649999999;(40.5935052, -73.9798865);west 9th street;86th street;                                        ;0;0;0;0;0;0;0;0;Unspecified;Unspecified;;;;3459745;PASSENGER VEHICLE;PASSENGER VEHICLE;;;;2016-06-10 09:00:00;40.5935052 -73.9798865;1
872;BROOKLYN;11217;40.680494700000004;-73.974874;(40.6804947, -73.974874);;;236 FLATBUSH AVENUE                     ;0;0;0;0;0;0;0;0;Unspecified;Unspecified;;;;3471594;SMALL COM VEH(4 TIRES) ;PASSENGER VEHICLE;;;;2016-06-30 11:35:00;40.6804947 -73.974874;1
12851;QUEENS;11417;40.6807;-73.8446429;(40.6807, -73.8446429);woodhaven boulevard;rockaway boulevard;                                        ;0;0;0;0;0;0;0;0;Unspecified;Unspecified;;;;3460836;PASSENGER VEHICLE;PASSENGER VEHICLE;;;;2016-06-12 17:15:00;40.6807 -73.8446429;1
3116;MANHATTAN;10032;40.834114;-73.941118;(40.834114, -73.941118);amsterdam avenue;west 159th street;                                        ;0;0;0;0;0;0;0;0;Unspecified;Unspecified;;;;3475482;PASSENGER VEHICLE;OTHER;;;;2016-06-27 14:59:00;40.834114 -73.941118;1
17496;BROOKLYN;11233;40.678116499999994;-73.9078565;(40.6781165, -73.9078565);fulton street;eastern parkway;                                        ;0;0;0;0;0;0;0;0;Unspecified;Unspecified;;;;3455028;PASSENGER VEHICLE;PASSENGER VEHICLE;;;;2016-06-04 00:20:00;40.6781165 -73.9078565;1
3376;QUEENS;11413;40.6818455;-73.7500901;(40.6818455, -73.7500901);132 road;218th street;                                        ;0;0;0;0;0;0;0;0;Unspecified;Unspecified;;;;3469992;PASSENGER VEHICLE;PASSENGER VEHICLE;;;;2016-06-27 20:49:00;40.6818455 -73.7500901;1
18414;BROOKLYN;11207;40.675735700000004;-73.89685329999999;(40.6757357, -73.8968533);pennsylvania avenue;atlantic avenue;                                        ;0;0;0;0;0;0;0;0;Unspecified;Unspecified;;;;3474992;PASSENGER VEHICLE;SMALL COM VEH(4 TIRES) ;;;;2016-06-03 17:15:00;40.6757357 -73.8968533;1
18969;BRONX;10453;40.854311700000004;-73.9069003;(40.8543117, -73.9069003);jerome avenue;east 181st street;                                        ;0;0;0;0;0;0;0;0;Unspecified;Unspecified;Unspecified;;;3454455;PASSENGER VEHICLE;PASSENGER VEHICLE;PASSENGER VEHICLE;;;2016-06-02 13:53:00;40.8543117 -73.9069003;1
13829;QUEENS;11433;40.691968200000005;-73.78250279999999;(40.6919682, -73.7825028);sayres avenue;168th street;                                        ;4;0;0;0;0;0;4;0;Unspecified;Unspecified;;;;3460005;PASSENGER VEHICLE;PASSENGER VEHICLE;;;;2016-06-10 16:11:00;40.6919682 -73.7825028;1
11337;QUEENS;11436;40.6735721;-73.792574;(40.6735721, -73.792574);inwood street;rockaway boulevard;                                        ;0;0;0;0;0;0;0;0;Unspecified;Unspecified;;;;3462448;PASSENGER VEHICLE;PASSENGER VEHICLE;;;;2016-06-15 14:50:00;40.6735721 -73.792574;1
17575;QUEENS;11356;40.781662700000005;-73.8344413;(40.7816627, -73.8344413);;;134-01 20 AVENUE                        ;0;0;0;0;0;0;0;0;Unspecified;Unspecified;;;;3455551;PASSENGER VEHICLE;PASSENGER VEHICLE;;;;2016-06-04 12:30:00;40.7816627 -73.8344413;1
5709;BROOKLYN;11225;40.6680307;-73.9497465;(40.6680307, -73.9497465);;;1217 PRESIDENT STREET                   ;0;0;0;0;0;0;0;0;Unspecified;Unspecified;;;;3466793;PASSENGER VEHICLE;PASSENGER VEHICLE;;;;2016-06-23 10:45:00;40.6680307 -73.9497465;1
14508;BROOKLYN;11206;40.707654999999995;-73.9398375;(40.707655, -73.9398375);bushwick avenue;montrose avenue;                                        ;0;0;0;0;0;0;0;0;Unspecified;Unspecified;;;;3459433;PASSENGER VEHICLE;PASSENGER VEHICLE;;;;2016-06-09 16:45:00;40.707655 -73.9398375;1
1317;MANHATTAN;10003;40.7328063;-73.986047;(40.7328063, -73.986047);;;250 EAST 14 STREET                      ;0;0;0;0;0;0;0;0;Unspecified;Unspecified;;;;3471922;PASSENGER VEHICLE;SMALL COM VEH(4 TIRES) ;;;;2016-06-30 20:40:00;40.7328063 -73.986047;1
1695;MANHATTAN;10002;40.7156933;-73.9914687;(40.7156933, -73.9914687);;;32 ORCHARD STREET                       ;0;0;0;0;0;0;0;0;Unspecified;Unspecified;;;;3471903;SMALL COM VEH(4 TIRES) ;PASSENGER VEHICLE;;;;2016-06-29 13:45:00;40.7156933 -73.9914687;1
11882;BROOKLYN;11207;40.6760158;-73.893976;(40.6760158, -73.893976);atlantic avenue;wyona street;                                        ;0;0;0;0;0;0;0;0;Unspecified;Unspecified;;;;3462194;PASSENGER VEHICLE;PASSENGER VEHICLE;;;;2016-06-14 13:47:00;40.6760158 -73.893976;1
5742;BRONX;10462;40.835897100000004;-73.85585920000001;(40.8358971, -73.8558592);starling avenue;unionport road;                                        ;0;0;0;0;0;0;0;0;Unspecified;Unspecified;;;;3468761;SMALL COM VEH(4 TIRES) ;PASSENGER VEHICLE;;;;2016-06-23 11:45:00;40.8358971 -73.8558592;1
11069;QUEENS;11366;40.720279100000006;-73.807952;(40.7202791, -73.807952);;;159-05 UNION TURNPIKE                   ;0;0;0;0;0;0;0;0;Unspecified;;;;;3463372;SMALL COM VEH(4 TIRES) ;;;;;2016-06-16 08:06:00;40.7202791 -73.807952;1
20022;MANHATTAN;10016;40.7509597;-73.98272270000001;(40.7509597, -73.9827227);5th avenue;east 38th street;                                        ;0;0;0;0;0;0;0;0;Unspecified;Unspecified;;;;3452924;PASSENGER VEHICLE;OTHER;;;;2016-06-01 21:00:00;40.7509597 -73.9827227;1
12275;QUEENS;11385;40.7048972;-73.8706667;(40.7048972, -73.8706667);79th place;78th avenue;                                        ;0;0;0;0;0;0;0;0;Unspecified;Unspecified;;;;3461533;PASSENGER VEHICLE;PASSENGER VEHICLE;;;;2016-06-13 14:14:00;40.7048972 -73.8706667;1
19115;STATEN ISLAND;10312;40.5267107;-74.1784092;(40.5267107, -74.1784092);hylan boulevard;wendy drive;                                        ;0;0;0;0;0;0;0;0;Unspecified;Unspecified;;;;3455229;PASSENGER VEHICLE;;;;;2016-06-02 17:00:00;40.5267107 -74.1784092;1
7068;QUEENS;11101;40.7544786;-73.9314719;(40.7544786, -73.9314719);;;37-38 31 STREET                         ;0;0;0;0;0;0;0;0;Unspecified;Unspecified;;;;3466308;PASSENGER VEHICLE;PASSENGER VEHICLE;;;;2016-06-21 00:45:00;40.7544786 -73.9314719;1
11841;QUEENS;11435;40.6984091;-73.8064642;(40.6984091, -73.8064642);sutphin boulevard;95th avenue;                                        ;0;0;0;0;0;0;0;0;Unspecified;Unspecified;;;;3461526;PASSENGER VEHICLE;PASSENGER VEHICLE;;;;2016-06-14 11:45:00;40.6984091 -73.8064642;1
2342;MANHATTAN;10011;40.739751399999996;-74.0025224;(40.7397514, -74.0025224);west 14th street;8th avenue;                                        ;0;0;0;0;0;0;0;0;Unspecified;Unspecified;;;;3471136;SMALL COM VEH(4 TIRES) ;PASSENGER VEHICLE;;;;2016-06-28 12:20:00;40.7397514 -74.0025224;1
8616;QUEENS;11362;40.751585999999996;-73.7457067;(40.751586, -73.7457067);west alley road;233rd street;                                        ;0;0;0;0;0;0;0;0;Unspecified;Unspecified;;;;3464782;PASSENGER VEHICLE;PASSENGER VEHICLE;;;;2016-06-19 14:30:00;40.751586 -73.7457067;1
3504;QUEENS;11428;40.7263288;-73.7347882;(40.7263288, -73.7347882);;;92-08 222 STREET                        ;0;0;0;0;0;0;0;0;Unspecified;Unspecified;;;;3469185;PASSENGER VEHICLE;PASSENGER VEHICLE;;;;2016-06-27 07:50:00;40.7263288 -73.7347882;1
17680;BROOKLYN;11235;40.5873051;-73.96034920000001;(40.5873051, -73.9603492);coney island avenue;avenue z;                                        ;0;0;0;0;0;0;0;0;Unspecified;Unspecified;;;;3456903;PASSENGER VEHICLE;PASSENGER VEHICLE;;;;2016-06-04 15:00:00;40.5873051 -73.9603492;1
13598;QUEENS;11378;40.725762700000004;-73.90420440000001;(40.7257627, -73.9042044);borden avenue;61st street;                                        ;0;0;0;0;0;0;0;0;Unspecified;Unspecified;Unspecified;Unspecified;;3459490;PASSENGER VEHICLE;PASSENGER VEHICLE;PASSENGER VEHICLE;PASSENGER VEHICLE;;2016-06-10 10:51:00;40.7257627 -73.9042044;1
2670;MANHATTAN;10013;40.7180266;-74.0030447;(40.7180266, -74.0030447);white street;broadway;                                        ;0;0;0;0;0;0;0;0;Unspecified;Unspecified;;;;3471084;PASSENGER VEHICLE;PASSENGER VEHICLE;;;;2016-06-28 20:15:00;40.7180266 -74.0030447;1
4391;BROOKLYN;11225;40.6636741;-73.95485740000001;(40.6636741, -73.9548574);;;229 EMPIRE BOULEVARD                    ;0;0;0;0;0;0;0;0;Unspecified;Unspecified;;;;3468975;OTHER;OTHER;;;;2016-06-25 15:00:00;40.6636741 -73.9548574;1
12001;BROOKLYN;11217;40.6877731;-73.9870011;(40.6877731, -73.9870011);atlantic avenue;hoyt street;                                        ;0;0;0;0;0;0;0;0;Unspecified;Unspecified;Unspecified;;;3471608;PASSENGER VEHICLE;PASSENGER VEHICLE;PASSENGER VEHICLE;;;2016-06-14 19:30:00;40.6877731 -73.9870011;1
6714;BROOKLYN;11234;40.6139268;-73.94097729999999;(40.6139268, -73.9409773);;;1620 EAST 32 STREET                     ;0;0;0;0;0;0;0;0;Unspecified;Unspecified;;;;3467294;VAN;PASSENGER VEHICLE;;;;2016-06-22 18:00:00;40.6139268 -73.9409773;1
13025;MANHATTAN;10019;40.769791999999995;-73.9880646;(40.769792, -73.9880646);10th avenue;west 58th street;                                        ;0;0;0;0;0;0;0;0;Unspecified;Unspecified;;;;3461104;PASSENGER VEHICLE;PASSENGER VEHICLE;;;;2016-06-12 22:35:00;40.769792 -73.9880646;1
13821;QUEENS;11420;40.6769459;-73.82420649999999;(40.6769459, -73.8242065);;;114-04 ROCKAWAY BOULEVARD               ;1;0;0;0;0;0;1;0;Unspecified;Unspecified;;;;3459885;PASSENGER VEHICLE;PASSENGER VEHICLE;;;;2016-06-10 16:00:00;40.6769459 -73.8242065;1
12352;BROOKLYN;11226;40.6444063;-73.964088;(40.6444063, -73.964088);beverley road;east 16th street;                                        ;0;0;0;0;0;0;0;0;Unspecified;Unspecified;;;;3463712;PASSENGER VEHICLE;PASSENGER VEHICLE;;;;2016-06-13 16:30:00;40.6444063 -73.964088;1
14206;BROOKLYN;11226;40.6406503;-73.9533092;(40.6406503, -73.9533092);avenue d;east 25th street;                                        ;0;0;0;0;0;0;0;0;Unspecified;Unspecified;;;;3460563;PASSENGER VEHICLE;PASSENGER VEHICLE;;;;2016-06-10 09:30:00;40.6406503 -73.9533092;1
6228;QUEENS;11433;40.7042537;-73.78833440000001;(40.7042537, -73.7883344);170th street;douglas avenue;                                        ;1;0;1;0;0;0;0;0;Unspecified;;;;;3469948;;;;;;2016-06-23 07:40:00;40.7042537 -73.7883344;1
